C04566551,['G']
C14547183,['G']
CHEMBL181571,['G', 'O']
C00071415,['-']
C20504447,['G', 'G', 'G']
C40248481,['G', 'G']
CHEMBL570897,['O', 'O']
C27302922,['O', 'G']
C01759419,['-']
C01385052,['G']
C54438635,['G', 'G', 'G']
C37204379,['G', 'G', 'G']
C43373626,['G', 'G', 'G']
C44347154,['G', 'G', 'O']
CHEMBL343306,['G']
C48502221,['G', 'G', 'G', 'G']
CHEMBL296323,['G', 'G', 'G', 'G', 'O']
C37516497,['G', 'G', 'G', 'O']
C13001282,['G', 'O']
C24062893,['O', 'G', 'O']
C01391577,['G']
C06480316,['G', 'O']
CHEMBL361222,['G']
C19537259,['G', 'G']
C66091728,['G', 'G']
C59640617,['G', 'O']
CHEMBL453624,['G', 'G', 'G']
C37907035,['G', 'G', 'G']
C40242473,['G', 'G']
C21950682,['G', 'G']
C13471498,['G']
C40690619,['G', 'G', 'G']
C20505681,['G', 'G', 'G']
C61812215,['G', 'O']
C64170243,['G', 'G', 'G']
C20435546,['G', 'O']
C20505202,['G', 'O', 'G']
C04975283,['G']
C37201796,['G', 'O']
CHEMBL207706,['-']
C35701172,['G', 'O', 'G']
C62426594,['O', 'G']
C32096408,['O', 'O']
C35719566,['G', 'O', 'G', 'G']
C37248119,['G', 'G', 'O']
C45069329,['-']
C49000729,['O', 'G', 'G', 'G', 'O', 'G']
C04269875,['G']
C02383491,['O', 'G', 'G', 'G', 'O']
C39963786,['G', 'G']
C02034655,['O', 'O']
CHEMBL389077,['G']
CHEMBL202007,['G']
C52172002,['G', 'O', 'G']
C54107546,['G', 'G', 'G']
C53783260,['G', 'G', 'G']
C39507381,['G', 'G', 'G']
CHEMBL249072,['O']
C48795573,['G', 'O', 'G']
C14473766,['G']
C40254482,['G', 'G']
C20475019,['O', 'O', 'O']
C41495859,['G', 'G']
C36683656,['G', 'G']
C61838098,['G', 'G', 'G']
C63046859,['G', 'G', 'G']
CHEMBL229264,['G']
C20505730,['G', 'O', 'G']
C42140476,['G', 'G', 'G']
C39523887,['G']
C37562687,['G', 'G', 'G', 'G']
C40260590,['G', 'G']
C48962408,['G', 'G']
C62148603,['G', 'G', 'G']
C48412912,['O']
C45016446,['G', 'O', 'G']
C61093113,['G', 'O']
C38001593,['G', 'G', 'O']
CHEMBL422045,['-']
C11987968,['G']
C00166915,['G', 'O', 'G', 'G']
C39325874,['G']
C49476162,['G', 'G', 'G']
C61418214,['G', 'G']
C09651665,['G', 'O', 'O']
C48990906,['G', 'G', 'G', 'G']
C37885988,['O', 'G', 'O', 'O']
C19874978,['G', 'G']
C50036742,['G', 'G', 'G', 'O']
C42238172,['G', 'O', 'G']
C41161163,['G', 'O']
C36923222,['G', 'O', 'G']
C29390838,['G', 'G', 'G']
C36242432,['G']
C41161224,['G', 'O']
C62706145,['G', 'G', 'O']
C37885158,['G', 'G', 'G', 'G']
C50330924,['O', 'O']
C64032090,['G', 'G', 'O']
C35285032,['G', 'G', 'G']
C00473269,['G', 'G', 'O']
C37316863,['G', 'G']
C20505200,['G', 'O', 'G']
C01778576,['O', 'G']
C36894313,['G', 'O', 'G']
C40256441,['G', 'G']
C12754861,['O', 'G', 'G']
CHEMBL139749,['G']
C63008428,['G', 'G']
C62335676,['G', 'G']
C62144305,['G', 'G', 'G']
C37884853,['G', 'G', 'O', 'O']
C29147874,['G', 'G']
C56226170,['G', 'G', 'G']
C41706204,['G']
CHEMBL501627,['G']
C00305831,['-']
C40242363,['G', 'G']
C15241338,['O', 'G']
C00000176,['G', 'G']
C49312456,['G', 'O', 'G', 'G', 'G', 'G']
C14634207,['G', 'G', 'G']
C63157271,['G', 'G', 'G']
C20430317,['O', 'G', 'G']
CHEMBL449371,['G', 'G']
C52918830,['G', 'G', 'G']
CHEMBL249071,['G', 'G', 'G', 'O']
C01643218,['G']
C36962222,['G', 'O']
C48527293,['G', 'G', 'O']
C40248996,['G', 'G']
C05526490,['G', 'G', 'O', 'G']
C01050600,['G']
CHEMBL27812,['-']
C66349554,['G', 'O', 'G', 'O']
CHEMBL397274,['G']
C50041699,['O', 'O']
C42469420,['O', 'O', 'O', 'G', 'G']
C55683747,['G', 'G', 'G']
C40243703,['G', 'G']
C43569424,['G', 'G']
C49852871,['G', 'G', 'G', 'G']
C38039490,['G', 'O', 'O']
C61519374,['G', 'G', 'G']
C42779417,['O', 'G']
C00140824,['G']
C01724705,['G']
C40243704,['G', 'G']
C36770171,['G', 'G', 'G']
C40328697,['G', 'G', 'G']
C40091084,['G', 'O', 'O', 'G']
C41250012,['G']
C34611719,['O', 'G']
C36230976,['G', 'O', 'O']
C42780985,['G', 'G']
C04277409,['G', 'O']
C20732059,['G']
C33240555,['G', 'G']
C31814609,['G']
C42783644,['O']
C65846788,['G', 'G', 'G']
C49184578,['G', 'G', 'O']
C04269867,['G']
C48502271,['G', 'G', 'G', 'G']
C37253036,['G', 'O', 'G']
C39927783,['G', 'O']
C66786555,['G', 'O']
C49362058,['G', 'G', 'G', 'G']
C26958509,['G', 'G', 'O']
C21627512,['G', 'G']
C13166632,['G', 'G', 'G', 'G']
C35286971,['O']
C00457757,['G', 'G', 'O']
C35116441,['G', 'G', 'G']
C44497814,['G', 'G', 'O']
CHEMBL378087,['-']
C37532247,['G', 'G', 'G']
C04695240,['G', 'G']
C50043155,['G', 'G', 'G', 'G']
C40259330,['G', 'G']
C45677983,['G', 'O', 'G', 'G', 'G', 'O']
C06082770,['G', 'G']
C49136678,['G', 'O', 'O']
C36683575,['G']
C40243766,['G', 'G']
C62778878,['G', 'G']
C03407914,['O']
C61572404,['G', 'G']
C26727150,['O', 'O', 'O']
C29147959,['G', 'G']
C11114985,['G', 'G', 'O', 'G']
C48759330,['O', 'O', 'O']
C37287099,['G', 'O', 'G', 'G', 'G']
C31947921,['G', 'O']
C50358327,['O', 'G', 'O']
CHEMBL206909,['-']
C00448787,['O', 'G']
C12907919,['O', 'O', 'O', 'G']
C58930460,['G', 'G', 'G', 'G', 'O']
C37203389,['G', 'G', 'O']
C60424178,['G', 'O', 'G', 'O', 'G']
C40909360,['G', 'G', 'G']
C37210776,['G', 'G', 'O']
C11987960,['G']
C48688068,['G', 'G', 'G']
CHEMBL402807,['O', 'O']
C63046322,['G', 'G', 'G']
C53168403,['G', 'G', 'G']
C14550703,['G', 'G']
C20434985,['O', 'G']
C62668751,['G', 'G', 'G']
C17241981,['O', 'O']
C40863283,['G', 'O', 'G']
C48405518,['G', 'G']
C20132613,['G', 'O']
C41161168,['G', 'G']
C35658109,['G', 'G']
C61714318,['G', 'O']
C40260611,['G', 'G']
C05201157,['G', 'G']
C37885163,['G', 'G', 'G', 'G']
C37463382,['G', 'G']
C01610396,['G']
C21011822,['G', 'G', 'O']
C43687377,['G', 'G']
C36749903,['G', 'G', 'G', 'G', 'G']
C52988377,['O', 'G']
C14944983,['G', 'O']
C21470024,['G', 'G']
C45814819,['G', 'G', 'G']
C43688737,['G', 'O']
C41183416,['G', 'G']
C41569638,['G', 'G', 'O']
C37205603,['O', 'G', 'G']
C41183661,['G', 'G']
CHEMBL138059,['G']
C61117158,['O', 'G']
C44013064,['G', 'G', 'O']
C49488893,['G', 'G', 'G']
C36683432,['O']
CHEMBL382640,['-']
C52907311,['G', 'O']
C62365290,['G', 'G']
CHEMBL391548,['G']
C17111884,['G', 'G']
C40284763,['G', 'G']
C36225174,['G', 'G', 'O', 'G']
C39540746,['G']
C04802467,['O']
C43391975,['G', 'G']
C32837310,['G', 'G', 'G']
C46256079,['O', 'G', 'O', 'O']
C38581711,['G', 'G', 'G', 'G']
C58229635,['G', 'G', 'G']
C40254581,['G', 'G']
C01399316,['O']
C19868147,['O']
C25382407,['O', 'G']
C47821610,['G', 'G', 'G']
C04110489,['G']
C17209215,['O']
CHEMBL243136,['G']
C63075834,['G', 'G']
C37297036,['O', 'G']
C20504683,['G', 'G', 'G', 'G', 'G', 'G']
C00549910,['O']
C52224453,['G', 'O', 'G']
C42193492,['G', 'G', 'G']
C43512404,['G', 'G', 'O']
C37034396,['G']
C44117511,['G']
C37187215,['O', 'G']
C08581139,['G', 'G']
C15356979,['G', 'G']
C52814101,['O', 'G']
C01050601,['G']
C62667797,['G', 'G', 'O']
C37333172,['G', 'G', 'O']
C17957961,['G']
C55335005,['G', 'G', 'G']
C41183502,['G', 'G']
C65532380,['G', 'G']
C41230979,['G']
C17220565,['O', 'G', 'O', 'G']
C00349598,['G']
C14495039,['G', 'G', 'G']
C40247112,['G', 'G']
C36976179,['G', 'G', 'O']
C35056814,['O', 'G', 'G']
C36898157,['O', 'O']
C57760963,['O', 'G', 'G']
C18107727,['G', 'G', 'O', 'G']
C19900803,['G', 'G']
C50042954,['G', 'G']
C19955561,['G', 'G', 'G']
C45028442,['G']
C43175218,['G', 'G', 'O']
C36894363,['G', 'O', 'G']
C63157486,['G', 'G']
C40248676,['G', 'G']
C02140966,['G', 'G']
C40249111,['G', 'G']
C41729305,['G', 'G', 'G', 'G', 'G', 'G']
C61692151,['O']
C20051848,['G', 'G', 'O']
C37175413,['O', 'G', 'G']
C52225160,['G', 'O']
C40927559,['G', 'O', 'G']
C48570545,['G', 'G', 'G']
C00184775,['O']
C27899422,['G', 'G']
C44496853,['G', 'G', 'O']
C00114823,['O']
C42779419,['G', 'G']
C61870264,['G', 'G']
C37188127,['G', 'G', 'O']
C21507880,['G', 'G', 'O']
C44982269,['G', 'G']
C42238239,['G', 'G', 'O']
C22137111,['G', 'O', 'G']
C48651708,['O', 'G', 'G', 'G', 'G']
C48659801,['G', 'G', 'G', 'G']
C58410418,['O', 'G', 'O', 'G']
C36867801,['O', 'O', 'G']
C52221396,['G', 'O']
C53312721,['G', 'G', 'O', 'G', 'O', 'G']
C40261155,['G', 'G']
C43666081,['G', 'G']
C62334514,['G', 'G']
C40713506,['G']
C32110765,['G', 'G', 'G', 'G']
C00629594,['G', 'G', 'G']
C37301171,['G', 'G', 'G', 'G', 'O']
C40264724,['G', 'G']
C52924038,['G', 'G']
C01399475,['G']
C40260821,['G', 'G']
C62335443,['G', 'G']
C54788895,['O', 'O', 'O']
C45028367,['G']
C40962411,['G', 'G', 'G']
C37363019,['G', 'O', 'G']
C62335184,['G', 'G']
C37204179,['G', 'G', 'G']
C27927107,['G', 'G', 'G']
C01593363,['O']
C37313769,['G', 'O']
C14495036,['G', 'G', 'G']
C01696552,['O', 'O']
C43827809,['-']
C49869200,['G', 'G', 'O', 'G', 'O', 'G']
C41678331,['G', 'G']
C37247490,['G', 'O']
C67119876,['G', 'G']
C50328784,['G', 'G', 'O']
C40489876,['O', 'G', 'G', 'O']
C60368668,['G', 'G', 'G', 'G']
C54765772,['G', 'O', 'O']
C40284311,['O', 'G']
C61487707,['G', 'G', 'G', 'G']
C43537405,['G', 'O']
C39977025,['G', 'G']
C19966305,['G', 'O']
C42388773,['G', 'G']
C50329366,['G', 'G']
C52859135,['O', 'O']
C48856290,['G', 'G']
C50266434,['G', 'G', 'O']
C43538428,['G', 'G']
C67372137,['O', 'G', 'G']
C55334442,['G', 'G']
C20156664,['G']
C37194719,['G', 'G', 'G']
C61697221,['G', 'O']
C43681236,['G']
C61695195,['G', 'O', 'G']
C36961922,['G', 'G']
C43666133,['G', 'G']
C61117705,['O', 'G']
C37935323,['O', 'G']
C00167258,['G']
C50868309,['G']
C43665957,['G', 'G']
C41566674,['G', 'G']
C06115623,['G', 'G', 'G']
C52811944,['G', 'G']
C19918418,['G', 'O']
C39325781,['G']
C50329522,['G', 'O']
CHEMBL375107,['G', 'G']
C48545209,['O', 'G']
CHEMBL350932,['-']
C43668857,['G']
C36852041,['O', 'O']
C15453829,['G', 'G']
C05825732,['G', 'G', 'G']
CHEMBL244600,['G']
C21059960,['O', 'G', 'O']
C51072616,['O', 'G']
C36930294,['G', 'G']
C35165354,['G', 'G']
C61692500,['G', 'O']
C00080083,['G', 'G', 'G']
C55333921,['O', 'O', 'O']
C04748830,['O', 'G', 'G', 'G', 'O']
C37785478,['G', 'G', 'G']
C62707197,['G', 'O']
C41182362,['G', 'G']
C36988119,['G']
CHEMBL141244,['-']
C13637283,['G']
C37422837,['G', 'G']
C37392695,['G', 'G']
C42389130,['G', 'G']
C40261186,['G', 'G']
C61589784,['G']
C06921366,['G', 'G', 'G']
C42376595,['G', 'O']
C63046352,['G', 'O', 'G']
C50329410,['G', 'G']
C31576579,['G', 'G']
C37072184,['O', 'G', 'O']
C39521709,['O', 'G']
C05571759,['G']
C39540745,['G']
C34605033,['O', 'G']
C49467150,['O', 'G', 'G', 'G', 'G']
C00704340,['G', 'G', 'G']
C42270429,['G', 'G', 'G', 'O']
C41470722,['G', 'G', 'G']
C21359034,['G', 'G', 'G', 'O']
C37056021,['G', 'O', 'O']
C06219255,['G', 'G', 'G']
C19965644,['G', 'O', 'G', 'G', 'O']
C37560812,['O', 'G']
C43648558,['G', 'G']
C40289285,['G', 'G']
C50837912,['G', 'G', 'O']
C37248707,['G', 'G', 'G']
C40255503,['G', 'G']
C12343725,['G', 'G', 'G']
C28506127,['G', 'G', 'G', 'G', 'O']
C39339030,['G', 'G']
C40264886,['G', 'G']
C05521350,['O', 'G']
C55266092,['O']
C40245059,['G', 'G']
C36254666,['G', 'O']
C62801932,['G', 'G', 'G']
C35358015,['G', 'O']
C50445273,['G', 'G', 'G']
C41049068,['O']
C11763880,['G', 'G', 'G', 'G', 'G']
C47915294,['G', 'O']
C35347213,['G', 'G', 'O']
C43464209,['G']
C00173750,['G', 'G']
C62778879,['G', 'G']
C37884858,['G', 'G', 'G', 'G']
C40281706,['G', 'G']
C48630291,['G', 'G']
CHEMBL389367,['O', 'G']
C39521710,['O', 'G']
C40283627,['O', 'G']
C02921556,['G', 'G']
C34374546,['G', 'G']
C50502824,['G', 'G', 'G']
C61870551,['G', 'G']
C50833142,['O', 'G', 'G']
C37251500,['G', 'G']
C10449436,['G', 'G', 'G']
C35576643,['O', 'G']
C65241167,['G', 'G']
C50502822,['G', 'G', 'G']
C57635515,['G', 'G']
C37203978,['G', 'G', 'G', 'G']
C42772708,['O', 'O']
C02872541,['G', 'G']
C37191841,['G', 'G', 'G']
C03675797,['G', 'O']
C39958245,['G']
C40278924,['G', 'G', 'G']
C50046479,['O', 'G', 'G', 'O']
C37283747,['G', 'G', 'O']
C19045703,['O', 'G']
C42728703,['G', 'G']
C43297972,['G']
C37247642,['G', 'G']
C40246380,['G', 'G', 'G']
C39459066,['G']
C37372292,['G', 'O']
C20475997,['G', 'G', 'G']
C65010525,['G', 'G']
C62168301,['G', 'G', 'G']
C36142863,['-']
C42472130,['G', 'O', 'G', 'G']
C37440654,['G', 'G']
C32481121,['G', 'G', 'G']
C41405617,['G', 'G']
C62722229,['-']
C62820718,['G', 'O']
C40232180,['G', 'G', 'G']
C52229138,['G', 'G', 'G']
C20476072,['G', 'G']
C49600956,['G', 'G', 'G', 'G', 'G']
C19911607,['G']
C54743975,['G', 'G', 'O']
C49347717,['O', 'O', 'G', 'G']
C48474607,['G', 'G', 'G', 'O', 'G']
C37936054,['G', 'O']
C62141839,['G', 'G', 'G']
C62779160,['G', 'G', 'G']
C28429355,['G']
C40248999,['G', 'G', 'G']
C13403333,['G', 'O', 'O']
C36898131,['O', 'O']
C40242599,['G', 'G']
C50165908,['G', 'G']
C01386192,['G']
C06713785,['G', 'G']
C37311624,['G']
C40279590,['G', 'G']
C43668085,['G']
CHEMBL398189,['G']
C37761608,['G', 'G']
C52224430,['G', 'O', 'G']
C49942809,['G', 'G']
C41144608,['G', 'G']
C40247568,['G', 'G']
C50330931,['O', 'O']
C58986503,['G', 'O']
C54081639,['G', 'G']
C40383887,['G']
C07604296,['G', 'G', 'G']
C57343307,['O', 'O']
C50165898,['O', 'G']
C43666732,['G']
C40337516,['G', 'G']
C48671910,['G', 'G', 'G']
C37230671,['G', 'G']
C57735118,['G', 'G', 'O']
C39524281,['G']
C36254785,['G', 'O']
C43659196,['G', 'G']
C65397347,['G', 'G']
C20154458,['G', 'G']
C40000595,['G', 'G', 'G']
C20308906,['G', 'G', 'O']
C01688053,['G', 'G']
C44713081,['G']
C00173753,['G', 'G']
C43597876,['G', 'G']
C64543382,['G', 'O']
C62325838,['G', 'G', 'G']
C04653813,['O', 'O', 'G']
C35038534,['G', 'O', 'O']
C62395586,['G', 'O']
C03338419,['G']
C32657657,['G', 'G', 'G', 'G', 'G']
C62820707,['G', 'O']
C50503104,['G', 'G', 'G', 'G', 'O']
C41516457,['G', 'G']
C19804403,['O', 'G']
C54213654,['G', 'G']
C16405004,['G', 'G']
C66414884,['G', 'G', 'G', 'G']
C42431992,['G', 'G']
C40245391,['G', 'G']
C40247146,['G', 'G']
C43662466,['G', 'G', 'G', 'G']
C19725069,['O', 'O']
C37465729,['G', 'G', 'G']
C25510738,['O', 'G']
C43687535,['O', 'G']
C40244969,['G', 'G']
C45071216,['-']
C00452465,['G', 'G', 'G']
C39206771,['G', 'G']
C42340900,['O', 'G', 'G']
C06339107,['G']
C67039634,['O', 'G', 'O']
C50329431,['O', 'O']
C41711171,['G']
C50328977,['G', 'G']
C66846845,['G', 'G', 'G']
C37839662,['G', 'G', 'O', 'G']
C36923449,['O', 'G', 'G']
C44545828,['-']
C00466656,['G', 'G']
C05713538,['G', 'G', 'O']
C48631147,['G', 'O']
C61850358,['O', 'G', 'O']
C37381412,['G', 'G']
C41569850,['O', 'G']
C54213751,['G', 'G']
C42731001,['G', 'G']
C44678033,['O', 'G']
C32106359,['-']
C14182585,['G']
C57354398,['G', 'G', 'G']
C40247142,['G', 'G']
C39525849,['G']
C61122359,['G']
C61870424,['G', 'G']
C37125798,['O', 'G', 'G', 'O']
C37977680,['O', 'G', 'G']
C52225039,['G', 'O']
C08575345,['O']
C19930175,['G', 'G', 'G']
C62719449,['G', 'G']
C48608435,['G', 'G', 'G']
C37658002,['G']
CHEMBL162569,['-']
C48944958,['G', 'G', 'O']
C06732099,['G']
C40260245,['G', 'G']
C62779397,['G', 'G']
C14986105,['G']
C37840830,['G', 'O', 'G']
C50575427,['O', 'G']
C40290286,['G', 'G']
C36243836,['G']
C01405194,['G']
C33741038,['G']
C35369718,['O', 'G']
C00228142,['G']
C14791941,['G', 'G', 'G']
C35660331,['G', 'G']
C37022611,['G', 'O']
C17083527,['G', 'G', 'G']
C62336314,['G', 'G']
C36982814,['G', 'O', 'G']
C53785078,['G', 'G', 'G']
C02419680,['G']
C04623728,['G', 'G']
C43652063,['G', 'G']
C61125084,['G', 'O', 'G']
C39565523,['G']
CHEMBL249700,['-']
C43666403,['G']
C36901319,['O', 'O', 'O']
C37201644,['G', 'G']
C40337413,['G', 'G']
C47836080,['G', 'G', 'O']
C34956791,['O', 'G']
C62144547,['G', 'G', 'G']
C45625753,['O', 'G', 'G', 'G', 'G', 'G']
C01495460,['O']
C35048030,['G', 'O', 'G']
C48389450,['O', 'G', 'G', 'G']
C04024626,['O', 'O']
C53779361,['G', 'G', 'O', 'G', 'O']
C05880926,['O']
C40257658,['G', 'G']
C00295220,['G', 'O']
C63447606,['G', 'G', 'G']
C14217339,['G', 'G']
C19875142,['G', 'O']
C36633234,['G', 'G', 'G']
C51087780,['G', 'O', 'O']
C41161237,['G', 'G']
C36898231,['O']
CHEMBL16807,['G']
C40230941,['O', 'O']
C52854738,['G', 'G']
C61618300,['G', 'G']
C00067797,['G']
C19802409,['G']
C55331420,['G', 'G']
C37381066,['O', 'G']
C52293562,['G']
C36915769,['G', 'G', 'G']
C48606359,['G']
C10405489,['O', 'G', 'O', 'G', 'G']
C60423803,['G', 'G', 'G']
C41440256,['G', 'O', 'G']
C50566525,['G', 'G']
C20369921,['G']
C04275486,['O', 'O']
C20718222,['G']
C48580508,['G']
C65336877,['O']
C67348147,['G', 'O', 'G']
C62016110,['G', 'G', 'O', 'G']
C41183851,['G', 'G']
C14633201,['O', 'G', 'G', 'G']
C40265045,['G', 'G']
C62622540,['G', 'G', 'O', 'G']
C55331575,['G', 'G', 'O']
C41389840,['O', 'G']
C35778734,['G']
C53170868,['G', 'O']
C61629237,['O', 'G']
C37507423,['G', 'G']
C51696621,['G', 'G', 'G', 'G', 'G']
C64041696,['G', 'G', 'G']
C62710767,['-']
C47832698,['O', 'G', 'G']
C40265748,['G', 'G']
C62334690,['G', 'G']
C25695393,['G']
C41710568,['O', 'G']
C52095031,['G', 'G']
C42080662,['G', 'G']
C02522759,['G']
C62779097,['G', 'G']
C20586022,['O']
C20134547,['G']
C33821235,['G']
C35060649,['G', 'G']
CHEMBL180681,['G']
C43298599,['G', 'O']
C62993771,['G', 'O']
C50844618,['G', 'O']
C21299416,['G']
C62771198,['G', 'O', 'G']
C01699279,['O', 'G']
C37174408,['G', 'G']
C41375858,['G', 'G', 'G', 'G']
C50329543,['G', 'O']
C39524527,['G']
C41048938,['G']
C50329432,['G', 'G']
C21995504,['G', 'G']
C05528861,['G', 'G', 'G', 'G', 'G']
C43666131,['G', 'G']
C32581245,['O', 'G', 'G', 'G', 'G']
C12900224,['G', 'O']
C65340962,['G']
CHEMBL302870,['-']
C41712226,['G']
C48640252,['G', 'G', 'O', 'G']
C35778750,['G', 'O']
C40278568,['G', 'G']
C36533757,['-']
C39847322,['O', 'G']
C38003489,['G', 'G', 'O']
C49266346,['G', 'G', 'G', 'O']
C03110506,['G', 'G', 'G']
C49600828,['G', 'G', 'G', 'G', 'G']
C22391392,['O', 'G', 'G']
C49123621,['G', 'G', 'G']
CHEMBL379527,['-']
C61277828,['G', 'G', 'G']
C62334846,['G', 'G']
C62241100,['G', 'G']
C35782622,['G', 'G']
C40270946,['G', 'G']
C54862961,['O', 'O']
C36150452,['G', 'O']
C04258650,['G', 'G']
C39463297,['-']
C40257556,['G', 'G']
C39463590,['O', 'O', 'G']
C43538439,['G', 'G']
C40260934,['G', 'G']
C50527345,['G', 'O']
C37101708,['O', 'O', 'O']
C62625317,['O']
C44120312,['G']
C05550930,['O', 'G']
C37202587,['G', 'G']
C40257939,['G', 'G']
C20475116,['O', 'G', 'O']
C23134461,['O', 'G', 'G', 'G']
C37205973,['G']
C36899886,['G']
C39463871,['G', 'G']
C48629957,['G', 'G']
C53339107,['G', 'G']
C62335427,['G', 'G']
C40260949,['G', 'G']
C00056553,['G', 'G']
C40258620,['G', 'G']
C41183740,['G', 'G']
C39460090,['G']
C61697237,['G', 'G', 'G']
C38567914,['O', 'O']
C01620134,['G']
C42025500,['G', 'G']
C61571226,['G', 'G']
C48659108,['G', 'G', 'G', 'G']
C50329298,['G', 'O']
C14985961,['-']
C40961203,['G', 'G', 'G']
C61329565,['G']
C52982631,['G', 'G']
C01009530,['G']
C50521819,['O', 'G']
C20020182,['G', 'G', 'O']
C62397121,['G', 'G']
C50438699,['G', 'G']
C05635167,['G', 'G']
C63157325,['G', 'G']
C41466603,['O', 'G', 'G', 'G']
C50594579,['G']
C39524976,['G']
C40288780,['G', 'G']
C35369127,['O', 'O']
C00711883,['-']
C44995788,['G', 'O', 'G']
C41466589,['G', 'G']
C62334985,['G', 'G']
C50043977,['G', 'G', 'G']
C19931209,['G', 'G']
C42492194,['G', 'G']
C54439514,['G']
C50972985,['G', 'G']
C05527165,['G', 'G', 'G', 'G', 'G', 'G', 'G']
C48640298,['G', 'O']
C05947571,['G', 'G']
C63044746,['G', 'G', 'G']
C52122849,['O']
C40257945,['G', 'G']
C36142861,['G', 'G']
C04756134,['G', 'G']
C08699371,['O', 'G']
C62168295,['G', 'G', 'G']
C11633474,['O']
C50328868,['G', 'O']
C38053950,['G']
C52999008,['G', 'G']
C42353840,['G', 'O', 'G', 'G']
C40245549,['G', 'G']
C52224980,['G', 'G', 'O', 'G']
C02569139,['O', 'G']
C04991191,['-']
C33431873,['G', 'G']
C04051027,['-']
C40217861,['G', 'O', 'G']
C41391228,['G', 'G', 'G', 'G']
C55203252,['G', 'G']
C48974642,['G', 'G', 'G']
C41569974,['G']
C50892468,['G', 'G']
C40257696,['G', 'G']
C40885818,['G', 'O', 'G']
C13143828,['G']
C04290542,['O']
C62711124,['G', 'O', 'G']
C13999073,['-']
C61094608,['G']
C50420623,['G', 'G']
C44416181,['O', 'O', 'O']
C05535513,['O', 'O']
C63154368,['G', 'G']
C40257606,['G', 'G', 'G']
C35286969,['O']
C37214311,['G', 'G', 'O']
C14982839,['G']
C43688755,['G', 'O']
C00135025,['G', 'G']
C48948235,['G', 'G', 'G']
C62144500,['G', 'G', 'G']
C57497581,['O']
C63158668,['G', 'G']
C37756541,['G', 'G']
C35688323,['O', 'O']
C42404142,['G']
C62335599,['G', 'G']
C40245405,['G', 'G']
C36901083,['O', 'G', 'O']
C59133786,['G', 'O']
C62820705,['G', 'O']
C62949512,['G', 'G']
C43675819,['G', 'G']
C50017186,['G', 'G', 'G', 'G']
C43302875,['G', 'G', 'G']
C39085773,['O', 'G']
C21951251,['O', 'G']
C64485252,['G']
C38737133,['G', 'G', 'G']
C50043445,['G', 'G', 'G']
C62360324,['G', 'G', 'G']
CHEMBL243995,['G']
C55003860,['G', 'O']
C37205198,['O', 'O']
C20593942,['G']
C61123883,['G', 'G', 'G']
C52225218,['G', 'O']
C20521720,['G', 'G', 'G']
C40247575,['G', 'G']
C41715314,['G']
C00480658,['-']
C48580473,['G']
C48441905,['G', 'G', 'G']
C37296300,['O', 'O', 'G']
C50043687,['G', 'G', 'G']
C41405688,['G']
C41702504,['-']
C61443426,['G', 'G', 'G']
C44288286,['G', 'G', 'G', 'G']
C40237473,['G', 'G']
C65343764,['G', 'G']
C01383783,['G']
C36244244,['O', 'G']
C39315296,['G', 'O']
C01437382,['G']
C48462521,['G', 'G', 'G', 'G', 'G']
C42134976,['G', 'O', 'G']
C19818749,['G']
C37506003,['G', 'G', 'O', 'G']
C55270742,['G', 'O']
C01462857,['G']
C40265118,['G', 'G']
C43462189,['G', 'G', 'G', 'G']
CHEMBL390728,['G']
C41968666,['G', 'G', 'G']
C04102567,['-']
C06477652,['G', 'G']
C57901078,['O', 'O', 'O']
C14603324,['G', 'G', 'G', 'O', 'G']
C32157431,['G', 'G']
C39463405,['G']
C61838194,['G', 'G']
C19899268,['G']
C26995798,['G']
C33229858,['O', 'G', 'G', 'G']
C49079026,['G', 'O', 'G']
C61837798,['G']
C03870968,['-']
C53787064,['G', 'G', 'O']
C40280783,['G', 'G']
CHEMBL445661,['-']
C19877754,['O', 'O', 'O']
C14986101,['-']
C41483890,['G', 'G', 'O', 'G']
C53168191,['G', 'G']
C63046271,['G', 'G']
C49163923,['G', 'G']
C42268470,['G', 'G']
C40884707,['O', 'G']
C53045381,['O']
C41713695,['O', 'G']
C19916077,['G', 'G', 'G']
C41307924,['G', 'O', 'G', 'G', 'G']
C14019368,['G', 'G', 'G']
C35186692,['G', 'O', 'G', 'G']
C62334922,['G', 'G']
C37658011,['O']
C52212066,['G', 'O']
C43537519,['G']
C20253020,['G', 'G', 'O']
C40248998,['G', 'G', 'G']
C43687465,['O', 'O']
C36222126,['O']
C40260895,['G', 'G']
C36718639,['G', 'G']
C39524203,['O', 'O']
C40261314,['G', 'G']
C43655866,['G', 'G']
CHEMBL345854,['-']
C37674419,['G', 'G']
C61618123,['G', 'G', 'G', 'G']
C00229778,['G']
C36909454,['G', 'G', 'G', 'G']
C10752218,['G', 'G', 'O']
C48707927,['O', 'G']
C41161244,['G', 'G']
C00158821,['G']
C44385756,['G', 'O', 'G']
C42194096,['G', 'O', 'G']
C19922535,['G', 'G']
C39463591,['O', 'O']
C48397984,['G', 'G', 'G', 'G']
C40886070,['G', 'G']
C20586341,['G', 'O']
C39458977,['-']
C40795854,['G', 'G', 'O']
C40282313,['G', 'G']
C53168823,['G', 'G']
C01513090,['O', 'G', 'G']
C62786693,['G', 'G']
C50396722,['G', 'G']
C41058437,['O', 'G']
C61641197,['G', 'G', 'G', 'G']
C52887854,['G']
C37421386,['G']
C42238096,['G', 'G', 'G']
C40289241,['G', 'G']
C40284956,['G', 'G']
C53098450,['O']
C20505124,['G', 'G', 'G']
C28922844,['G']
C43465523,['G']
C40242267,['G', 'G']
C36947454,['O', 'G']
C49078484,['G', 'G', 'G']
C42389106,['G', 'G']
C17107701,['-']
C62334949,['G', 'G']
C61120049,['O']
C00641352,['O', 'G', 'G', 'O']
C08199276,['G', 'G', 'G']
C16957442,['O', 'G', 'O']
C39565360,['G', 'G', 'G', 'G']
C48630275,['G', 'G']
C50328742,['O', 'G']
C62773699,['G', 'G']
C42418233,['O', 'O', 'O']
C06590209,['G', 'G', 'O']
C44185516,['G']
C49817526,['G', 'O']
C37363582,['G', 'G', 'G']
C05903522,['G']
C41438895,['G', 'G', 'G']
C40321769,['G', 'G', 'G']
C20369924,['G']
C20480163,['G', 'O']
C00387839,['G', 'G']
C44713251,['-']
C11632144,['G', 'G']
C42376772,['G', 'O']
C10911924,['G', 'G', 'O', 'O']
C55269578,['G', 'O', 'G']
C05772951,['G', 'G', 'G']
C40256643,['G', 'G']
C57545328,['G']
C50528961,['O', 'G']
C55022349,['O', 'O', 'G', 'G', 'G']
C04277313,['O', 'G']
C49865836,['O']
C49964472,['G', 'G', 'G']
C62778434,['G', 'G']
C13641930,['G', 'G', 'O']
C63046244,['G', 'G']
CHEMBL257751,['-']
C11430178,['G', 'G', 'G', 'G']
C51371975,['G', 'G', 'G']
C49882541,['G', 'O']
C62722225,['-']
C00169904,['G', 'O']
C48945444,['G', 'G', 'G', 'G']
C41715196,['G', 'O']
C37337758,['G', 'G', 'O']
C43666287,['G', 'G']
C48639398,['G', 'G']
CHEMBL467790,['G', 'G']
C19801711,['-']
C19931301,['G', 'G']
C66323444,['-']
C58850834,['G']
C04651029,['G', 'G', 'G']
C39459077,['G']
C41678307,['G', 'G']
C32392811,['O', 'G', 'G', 'G']
C41688143,['O', 'G', 'O']
C10922526,['G', 'G', 'G']
C48874755,['G', 'G', 'G']
C40261139,['G', 'G']
C01909781,['G']
C48629959,['G', 'G']
C51172993,['G', 'G']
C37374725,['O']
C37283370,['O', 'O', 'G', 'O', 'O']
C62354304,['G', 'G', 'G']
C39524421,['G']
C44978273,['G', 'G']
C49159305,['O', 'G', 'G']
C22216059,['G']
C65488585,['O', 'O', 'O']
C40248714,['G', 'G', 'G']
C00126009,['G']
C62334590,['G', 'G']
C42339086,['O', 'G']
C63056678,['G', 'G']
C01673873,['G', 'O', 'O', 'G']
C43676093,['G', 'O', 'G', 'G']
C50928286,['O', 'O']
C47830799,['G', 'G', 'G', 'G']
C37503651,['G', 'G', 'G']
C37392970,['O', 'G', 'O', 'G']
C50266614,['G', 'G', 'G']
C34938345,['G', 'G', 'G']
C61870433,['G', 'G']
C41652242,['G']
C05190438,['O']
C05046659,['-']
C36897664,['G']
C35571820,['G']
C40245960,['G', 'G']
C49042762,['G', 'G', 'G', 'G']
C53167932,['G']
C40274762,['G', 'G']
C42351995,['G', 'G']
C61120246,['G']
C08217282,['G', 'G']
C48629257,['G', 'G']
C02127209,['G', 'G']
C52212011,['G']
C26894470,['-']
C05066208,['G', 'G', 'G']
C03278096,['G', 'G']
C52904672,['O', 'G', 'O']
C37674467,['G', 'G']
C31888231,['G', 'G']
C48330214,['O', 'G', 'G']
C52225276,['G', 'O', 'G']
C18209464,['G', 'O', 'O']
C50594125,['G', 'G']
C40885625,['O', 'G']
C62102571,['G', 'G']
C39511511,['G', 'G']
C37362959,['O', 'G', 'G']
C04119418,['O', 'O']
C54675945,['G', 'O']
C61443421,['G', 'G', 'G']
C48874142,['G', 'G', 'G']
C57353728,['G', 'G']
C48962729,['O', 'O']
C40242111,['G', 'G']
C61870278,['G', 'G']
C48759237,['O', 'O', 'G']
C35779095,['O', 'G']
C62949240,['G', 'G']
C35779080,['G', 'G']
C40243764,['G', 'G']
C40289181,['G', 'G', 'G']
C37194028,['O', 'G', 'G']
C62240555,['G', 'G', 'G']
C40284938,['G', 'G']
C48682429,['G', 'G', 'O', 'G']
C40283722,['G', 'G', 'G']
C37947761,['-']
C41716244,['G', 'G']
C36852872,['G', 'G']
C43597690,['G', 'G']
C02565197,['G', 'G']
C42404158,['G']
C50329503,['G', 'G']
C52224752,['G', 'G']
C62774166,['G', 'G']
C20374892,['G']
C48640230,['O', 'O']
C00245728,['O']
C00092191,['G']
C50443336,['G', 'G']
C40628159,['G', 'G', 'O', 'O']
C43667237,['G', 'G']
C48860673,['G']
C65339178,['O', 'O']
C26894535,['-']
C20030687,['G']
C41408821,['O']
C34956038,['G']
C42134560,['G', 'G', 'G']
C39430681,['G', 'G', 'O']
C43666593,['G']
C62773698,['G', 'G']
C50608094,['G', 'O', 'G']
C38054495,['G', 'G']
C04614330,['O']
C01249850,['G', 'G']
C50479774,['G', 'G', 'G', 'G', 'G']
C43666725,['G', 'G']
C13564273,['O']
C04785127,['G']
C02987867,['G', 'O']
C40245204,['G', 'G']
C36894299,['G', 'O', 'G']
C20023320,['G', 'O']
C39462973,['O']
C52295470,['G', 'G']
C00343468,['G']
C38751713,['-']
C39462880,['-']
C47213279,['G']
C38805537,['G']
C62335980,['G', 'G', 'G']
C36899772,['G', 'G']
C43666726,['G', 'G']
C24977444,['G', 'G', 'G']
C02708122,['G', 'G', 'O']
C52137300,['G', 'G', 'G']
C39295416,['G']
C16927669,['G', 'G']
C61324681,['G', 'G']
C51172939,['G', 'G']
C26420461,['G']
C28068884,['G', 'G']
C57510819,['G', 'O']
C19045382,['G', 'O']
C62360778,['G', 'G']
C19796786,['G']
C51755798,['G', 'G']
C59884151,['G', 'G']
C04907121,['G', 'G']
C48093452,['G', 'G', 'G', 'G']
C22538155,['G', 'G', 'G']
C18940993,['G', 'G', 'G', 'G', 'G', 'G']
C50868974,['G']
C53047135,['O']
C62779277,['G', 'G']
C39507449,['O', 'G']
C02569146,['G', 'G']
C19960997,['G']
C42147357,['O', 'O', 'O']
C51174588,['O', 'G', 'G', 'O']
C62820735,['G', 'G']
C02082051,['G', 'G', 'G']
C50791938,['G', 'O']
C41714957,['O']
C36765992,['G', 'G']
C39566073,['-']
C37372065,['G', 'O']
C17130786,['-']
C40278926,['O', 'G', 'G']
C42750394,['G', 'O']
C40242266,['G', 'G']
C40259483,['G', 'G']
C63046119,['G', 'G', 'O']
C47040557,['G', 'G', 'G', 'G', 'G', 'O']
C42335389,['O']
C48889291,['G', 'G', 'O']
C41686774,['O']
C40265027,['G', 'G']
C61822256,['O', 'G']
C22996414,['G']
C51608019,['G', 'O']
C11883938,['G', 'G']
C42228130,['O', 'G']
CHEMBL369509,['O']
C35380427,['G', 'G']
C66351327,['G', 'G']
C04250427,['G', 'G', 'G']
C20432692,['G', 'G', 'G']
C37422653,['O']
C32776203,['G', 'G', 'G']
C60098673,['G', 'G', 'G']
C39956009,['G']
C00454561,['-']
C48735556,['G', 'O', 'G']
C52924803,['G', 'G']
C13122915,['O']
C00079480,['G', 'G']
C67448215,['G', 'O', 'G']
C01074454,['G']
C00215466,['G', 'O']
C24995356,['G', 'O']
C62561213,['G', 'G']
C39523093,['G']
C52225350,['G', 'O']
C04361622,['G']
C42198537,['G', 'O', 'G']
C50706842,['G', 'G']
C35082525,['O']
C63116459,['G', 'G']
C40270371,['G', 'G']
C40260981,['G', 'G', 'O']
CHEMBL397729,['-']
C53045096,['O']
C54961685,['G', 'G', 'G']
C41495924,['G']
C50359122,['G']
C63014143,['G']
C13596659,['O', 'G', 'G']
C00411840,['G', 'G']
C40236351,['G', 'G']
C36275519,['G', 'G']
C58522255,['G', 'O', 'G', 'G']
C49295379,['O', 'G', 'G', 'G']
C48424987,['G']
C63003482,['G', 'G']
C43537643,['G', 'G']
C40260933,['G', 'G']
C26655124,['O', 'O', 'O']
C61692513,['G']
C43683428,['G', 'G', 'G']
C49853182,['G', 'G']
C00463217,['O', 'G']
C40281532,['G', 'G']
C61122351,['O']
C12907116,['G', 'G']
C55201422,['G', 'G']
C49845179,['O']
C39460079,['G']
C42199271,['G', 'G', 'O', 'O']
C36683403,['O']
C16200180,['G', 'G', 'G']
C04384434,['G']
C00343519,['O', 'O']
C19845812,['G', 'G']
C37832754,['G', 'G', 'O']
C03066885,['G']
C40909268,['G', 'G', 'G']
C54689159,['O', 'O']
C49600983,['G', 'O', 'G', 'G']
C52924768,['G', 'G']
C37885926,['G', 'G']
C13116067,['O', 'O']
C00189534,['-']
C22597788,['G', 'G']
C66140727,['G', 'G', 'G']
C12287061,['O', 'G', 'G', 'G', 'G']
C02772301,['G', 'G', 'O']
C65335762,['G', 'O']
C48629725,['G', 'G']
C36290253,['O']
C61870613,['G', 'G']
C40230415,['G', 'O']
C62359621,['G', 'G']
C32099296,['G']
C42418122,['O', 'O']
C62334790,['G', 'G']
CHEMBL450334,['-']
C47843962,['O']
C46962975,['G', 'G', 'G', 'G', 'G', 'G']
C35631346,['G', 'O']
C37176520,['O', 'G', 'O']
C06829273,['-']
C62241683,['G', 'G', 'G']
C37328389,['O', 'G']
C37421338,['O']
C05774551,['O', 'G']
C49893501,['G', 'G', 'G']
C40271814,['G', 'G', 'G', 'G']
C55308085,['G', 'O']
C62144544,['G', 'G', 'G']
C43560690,['G', 'G', 'G']
C51755888,['G', 'G']
C39525251,['-']
C39526100,['G']
C08413368,['G']
C43665009,['G']
C62779422,['G', 'G']
C29449873,['O', 'O', 'G']
C05566759,['G', 'G']
C20263998,['G', 'G', 'G']
C63003438,['G', 'G']
C37884906,['G', 'G']
C39930805,['G']
C43577892,['G', 'G']
C35176869,['G', 'G']
C06808483,['G', 'G', 'G', 'G', 'G']
C43669239,['G', 'G']
C61864358,['G', 'G']
C62561157,['G']
C49184471,['G']
C04101383,['G']
C40245970,['G', 'G']
C40247019,['G', 'G']
C63339621,['-']
C05641597,['G']
C49446564,['G', 'G', 'O', 'O']
C03137071,['-']
C39289542,['G', 'G']
C61828367,['G', 'O']
C04807652,['G', 'G', 'G', 'G']
C37658109,['G', 'G']
C39507361,['O', 'G']
C41496167,['G']
C00480809,['-']
C00165998,['G']
C00514660,['G', 'G', 'G']
C49817527,['G', 'O']
C57654421,['G', 'O']
C44678146,['O', 'G']
C19876857,['O', 'G']
C00039551,['G', 'O']
C40254383,['G', 'G']
C15083201,['O']
C62779290,['G', 'G']
C30807108,['O', 'G', 'G']
C31777163,['-']
C01644594,['O']
C42728762,['G', 'G']
C44909495,['G']
C41689490,['G', 'O', 'G', 'G']
C62779088,['G', 'G']
C04947479,['O', 'O', 'G']
C40245563,['G', 'G']
C40271981,['G', 'G']
C50790808,['G', 'O']
C20586465,['O']
C65335465,['G', 'G']
C50165832,['O', 'O']
C16089183,['G', 'G', 'G']
C37471859,['G', 'G', 'G']
C43565995,['G', 'G', 'G']
C63043778,['G', 'G', 'G']
C42239562,['G', 'G', 'G', 'G', 'O', 'G', 'G']
C45723131,['G', 'G']
C21968566,['O', 'G', 'O', 'G', 'O']
C11884339,['G', 'G']
C20822973,['G', 'G', 'O', 'G', 'G', 'G', 'G']
C62334775,['G', 'G']
C42039005,['G', 'G', 'G']
C50328869,['G', 'G']
C39526044,['O']
C36683636,['G', 'G']
C39525343,['O', 'G']
C40272625,['G', 'G']
C61640572,['O', 'G', 'G']
C52253139,['G', 'G', 'G', 'G', 'G']
C00090613,['G', 'G']
C37205855,['G', 'O']
C54743297,['G']
C62613560,['O']
C07763039,['G', 'O']
C35180466,['O', 'G', 'G']
C32473404,['G', 'O', 'G', 'G']
C50328768,['G', 'G']
C44123308,['G', 'G']
C62822008,['O']
C41183996,['G', 'G']
C44712721,['-']
C61122468,['G']
C42985250,['G', 'G', 'G', 'G', 'G']
C44193468,['G', 'G', 'G']
C06701519,['G', 'O']
C38537826,['G']
C36899125,['G']
C43679119,['G', 'G', 'G', 'G', 'G']
C51174612,['G', 'G', 'G', 'G']
C40264687,['G', 'G', 'G']
C64079651,['G', 'G', 'G']
C35321654,['G', 'G', 'G']
C41278341,['G', 'G']
C45919094,['G', 'G']
C08186006,['G', 'G', 'G', 'G']
C49007616,['G', 'O', 'G']
C62359515,['G', 'G']
CHEMBL441152,['G']
C21210807,['O', 'G', 'G']
C43302944,['G', 'G']
C40437371,['G', 'G', 'G', 'G']
C39506602,['G', 'G']
C21984585,['G', 'G']
C48629960,['G', 'G']
C39513344,['O', 'G']
C39463440,['-']
C07307639,['G', 'G']
C37372476,['G', 'G']
C38032485,['G', 'G']
C19724992,['O', 'G']
C04390827,['G']
C39463015,['G']
C08855251,['G']
C40290208,['G', 'G']
C58229233,['G', 'G', 'G', 'G']
C62955099,['G', 'G', 'O']
CHEMBL181674,['G']
C37421889,['G', 'O']
C00228269,['G']
C40242608,['G', 'G']
C15444015,['O', 'G']
C48396559,['G', 'G', 'G']
C16678067,['-']
C62242441,['G', 'G']
C65896098,['G', 'O']
C40259493,['G', 'G']
C37383501,['G', 'G']
C40260935,['G', 'G']
C39513916,['G', 'G', 'O']
C07272981,['G', 'G', 'G']
C50520409,['O', 'G', 'G']
C48629356,['G', 'G']
C36949752,['G', 'G', 'G', 'G', 'G']
C52897705,['G', 'G']
C16249303,['G']
C36903544,['G', 'O']
C19723211,['G', 'G']
C45028731,['G', 'G', 'O']
C35222089,['G', 'O', 'G']
C37746018,['G', 'G']
C50360501,['O', 'O', 'O']
C42906101,['G', 'G', 'G']
C35082659,['O']
C55304512,['O', 'G']
C00095060,['G', 'G', 'G']
C40241101,['G', 'G', 'G']
C61692353,['-']
C42376597,['O', 'O']
C20596204,['G', 'G']
C22924120,['G']
C39525125,['G']
C54213882,['G', 'O']
C39511973,['-']
C00105183,['G']
C43679118,['G', 'G', 'G', 'G', 'O']
C03848002,['-']
C43668225,['G', 'G']
C36827604,['G', 'G', 'G', 'O']
C42314855,['G', 'O', 'G', 'G']
C63043101,['G', 'G', 'O']
C50960276,['G', 'G']
C54863044,['G', 'O']
C44628841,['-']
C06828140,['G', 'G', 'G']
C42728926,['G', 'G']
C42388497,['G', 'O']
C12760869,['G', 'O', 'G']
C62707226,['G']
C14986213,['-']
C05049667,['-']
C55269576,['G', 'O', 'G']
CHEMBL282650,['G']
C50868297,['-']
C43668572,['G']
C39511617,['G']
C01143102,['G', 'G', 'G']
C44713229,['-']
C06007965,['G', 'O', 'G']
C43636441,['G']
C40264784,['G', 'G']
C35576628,['G', 'O']
C43655999,['O', 'G']
C26463364,['-']
C47821599,['G', 'G', 'G']
C63044337,['G', 'G']
C37970029,['G', 'G']
C20487558,['G', 'O', 'O']
C59884169,['G', 'G', 'O']
C05080629,['G']
C40278574,['G', 'G']
C43666518,['G', 'O', 'G', 'G']
C44930741,['G', 'G', 'O', 'O']
C61629778,['G', 'O', 'G']
C62820731,['O', 'O']
C61872873,['G', 'G', 'G']
C62041301,['G', 'O']
C48630159,['G', 'G']
C62949244,['G', 'G']
C12359460,['-']
C65877883,['G', 'G', 'G']
C51172912,['G', 'G']
C50309071,['G', 'O']
C04973125,['G', 'G', 'G']
C40714034,['O', 'G']
C39513400,['O', 'G']
C40261109,['G', 'G']
C40731310,['O']
C44198780,['G']
C20469539,['G', 'G', 'G']
C52095382,['-']
C20586271,['O']
C00940533,['-']
C39503999,['G', 'G']
C19201929,['G']
C48629724,['G', 'G']
C39847168,['G', 'G']
C20507231,['G', 'G']
C49356326,['G', 'G', 'G', 'G', 'G']
C42351945,['G', 'G']
C49341577,['G', 'G', 'G', 'G']
C40275354,['G', 'G', 'O']
C53339125,['G', 'G']
C05648097,['O']
C01677217,['-']
C44712804,['-']
C43662384,['G']
C67652665,['G', 'G', 'G']
C37845490,['G', 'O']
C35427099,['G']
C04252887,['G', 'G']
C61707636,['G']
C03413790,['O', 'G', 'G', 'G']
C61629602,['G', 'G']
C04581396,['G', 'G']
C37896518,['O', 'G', 'O', 'G']
C62351601,['G', 'G', 'O']
C39523857,['G']
C40215020,['G', 'G', 'G', 'O']
C19946418,['G', 'G']
C43301737,['G', 'G']
C37758401,['G', 'G', 'G', 'O', 'G', 'G']
C39523762,['G']
C44297802,['G', 'G', 'G', 'G']
C55331421,['G', 'G']
C15017256,['O', 'G']
C39463141,['-']
C33426781,['-']
C39463306,['-']
C37204440,['O', 'O']
C20589365,['O', 'O']
C48974682,['O', 'G', 'G']
C26692423,['G', 'G', 'G']
C37082299,['G', 'G', 'G', 'G']
C21009444,['G', 'G']
C40279142,['G', 'G']
C40284842,['O', 'G']
C04873118,['G', 'G', 'O', 'G']
C57539154,['G', 'O']
C55203471,['G', 'G', 'G']
C25622501,['G', 'G', 'O']
C40909240,['G', 'O', 'G']
C05438799,['O', 'G']
C63056596,['G', 'G']
C50329220,['O', 'G']
C35763570,['O', 'G', 'G']
C62988091,['O', 'O']
C61414644,['G', 'G']
C50978128,['G', 'G', 'G']
C49833833,['G', 'G']
C40265043,['G', 'G']
C63046034,['G', 'G']
C42268189,['G', 'G']
C04036385,['G', 'G']
C39463403,['G']
C54982695,['G', 'O', 'G', 'G']
C49305258,['G', 'G', 'G']
C48643453,['-']
C39526038,['G']
C65548387,['G', 'G']
C62672669,['O']
C52228545,['O', 'G', 'G', 'G']
C39512607,['G']
C41485994,['G']
C00952382,['G', 'G', 'O']
C20222644,['G', 'G', 'G', 'G']
C63603176,['G', 'G', 'G', 'G']
C52147231,['G', 'G', 'O']
C37051548,['G', 'G']
C61675371,['G', 'G']
C00109011,['G', 'G', 'G']
C14806713,['-']
C20421212,['O', 'G']
C38818693,['G']
C37352262,['O', 'O', 'G']
C65010517,['G']
C63043780,['G', 'G', 'G']
C33369477,['G']
C37188619,['G', 'G', 'O']
C61095094,['G']
C37234777,['G', 'G']
C51662977,['O', 'O']
C62561216,['O', 'G']
C13406297,['O', 'O']
C48053214,['G', 'G', 'O', 'G', 'G']
C39512969,['G']
C61673671,['G', 'G']
C39506564,['G']
C44368158,['G', 'G']
C46987333,['G', 'O', 'G', 'O']
C41440170,['G', 'O', 'O']
C49832742,['G', 'G', 'G']
C51086622,['G', 'G', 'G']
C12403773,['G', 'G']
C40865599,['G']
C43398508,['O', 'O']
C40884709,['O', 'G']
C46259381,['G', 'O', 'O']
C33426806,['G']
C20476541,['G', 'G']
C43668282,['G', 'G']
C13744266,['G', 'G', 'G', 'G']
C44712572,['-']
C39506274,['-']
C41715061,['G']
C50309571,['G', 'G']
C44231307,['G']
C36742534,['G', 'G']
C38003966,['G', 'G']
C39296080,['O']
C40461972,['G', 'O', 'G']
C41307876,['O']
C42728612,['G', 'G']
C56894650,['G']
C42436185,['G', 'G', 'G']
C39511138,['G']
C61802428,['O', 'G']
C40290229,['G', 'G']
C02306163,['G', 'G', 'G']
C52095166,['G', 'G']
C40237816,['G', 'G']
C00247763,['-']
C54911095,['G', 'G', 'G']
C22125703,['G', 'G', 'G']
C34976134,['O']
C35042243,['G']
C00288917,['G', 'G']
C61418098,['G', 'G']
C15020294,['-']
C13126432,['G', 'G']
C36796965,['G', 'G', 'G']
C39525956,['G']
C48926390,['O', 'G', 'O']
C62779031,['G', 'G']
CHEMBL367364,['G']
C31921951,['O', 'O', 'O']
C49820312,['G']
C11637993,['O', 'G']
C39521754,['G', 'G']
C63045290,['G', 'G', 'G']
C37206654,['O', 'G']
C52305367,['G']
C41361368,['G', 'G', 'G', 'G', 'G']
C44297162,['G', 'G', 'G']
C43762614,['-']
C39513399,['G', 'G']
C28429583,['G', 'O']
C08652067,['G', 'O']
C15020281,['G']
C34068851,['G', 'O']
C36865621,['G', 'O']
C00114760,['G']
C36244733,['G']
C03722603,['O']
C00569832,['O', 'O']
C01986022,['G']
C00158870,['G']
C61705431,['O', 'O', 'G']
C50006464,['G', 'G', 'G', 'G']
C62778809,['G', 'G']
C39507302,['O', 'G']
C16129297,['G', 'G', 'G']
C15052854,['G', 'G']
C00242220,['G']
C36859068,['G', 'G']
C43667240,['O', 'G']
C04416920,['G', 'G']
C50042872,['O', 'G']
C42415157,['G', 'G']
C64341049,['O', 'G', 'G']
C19782976,['G', 'G']
C39127164,['O', 'G']
C48637874,['G', 'O', 'G']
C37672113,['G', 'O', 'G', 'G']
C41482382,['G', 'G', 'G']
C44594076,['G', 'G']
C66491810,['O', 'G']
C02583693,['G']
C47916658,['G', 'G']
C03334348,['O', 'G', 'G']
C39525386,['G']
C31921977,['O', 'O', 'O']
C37311343,['O', 'O', 'G']
C40009616,['G', 'G', 'G']
C43533795,['O', 'G']
C12494911,['-']
C42228991,['O', 'G', 'O']
C53328933,['G', 'G']
C59731137,['G']
C35498132,['G', 'G', 'G']
C50865868,['G', 'G']
C49534205,['O', 'G']
C54742892,['-']
C55305150,['G', 'G']
C39523760,['G']
C63152586,['G', 'G', 'G']
C07448294,['G']
C19502810,['O', 'G']
C62147869,['G', 'G', 'G', 'G', 'G']
C04066975,['G', 'G', 'O', 'O']
C04002363,['G', 'G']
C48629296,['G', 'G']
C62354528,['G', 'G']
C00154005,['G']
C39525954,['G']
C49399862,['G', 'O', 'G', 'O', 'O']
C36205625,['G', 'G', 'G']
C62949590,['G', 'G']
C37845488,['G', 'G']
C39463025,['G', 'O']
C48808177,['G', 'G', 'G']
C37149787,['G', 'G', 'G', 'G']
C66338988,['O']
C20263930,['G', 'O']
C48312128,['G', 'G', 'G']
C39507194,['G', 'G']
C36898026,['O']
C39521706,['O', 'G']
C14030929,['O', 'O', 'G']
C62134459,['G', 'O', 'O']
C62779276,['G', 'G']
C36533399,['G']
C34669958,['G']
C64550930,['G', 'O', 'G']
C57591237,['G']
C62563090,['-']
C38078402,['G', 'G']
C61864379,['G', 'G']
C00455676,['G']
C48640313,['G', 'G']
C41988344,['G', 'G', 'G', 'O']
C36152405,['G']
C52175160,['G', 'G']
C63076861,['G']
C26894425,['-']
C36860073,['O', 'G', 'O', 'G']
C20184609,['G', 'G', 'G']
C62778988,['G', 'G']
C62949637,['G', 'G']
C28713602,['O', 'G']
C15869359,['G', 'G']
C05298187,['G', 'G', 'G']
C49853203,['G']
C35223140,['G', 'G', 'O']
C63045797,['G', 'G', 'G']
C50480064,['G', 'G', 'G', 'G', 'G']
C58830739,['O', 'O', 'G', 'G']
C40264812,['G', 'G']
C58443092,['G', 'G']
C24546111,['G', 'G', 'G']
C38392594,['-']
C49185247,['G', 'O']
C61321404,['O', 'G', 'G', 'G', 'G', 'G']
C37354236,['G', 'O']
C02311935,['G', 'G', 'O']
C39506318,['O', 'G']
CHEMBL242469,['O', 'G', 'G']
C37575323,['G', 'G', 'G', 'G', 'G']
C48796481,['G', 'G', 'O', 'G', 'O']
C19836073,['G', 'G']
C52924747,['G', 'G']
C43678569,['O', 'G']
C04841407,['G', 'G', 'G', 'O']
C36193696,['G', 'O', 'G', 'G']
C62397229,['G', 'G']
C34937130,['G']
C31920749,['G', 'G']
C40257673,['G', 'G']
C47414124,['G', 'G', 'G', 'G', 'G']
C22014124,['G']
C40969323,['G', 'G', 'O']
C62949638,['G', 'G']
C20346028,['G', 'G', 'G']
C42200191,['O', 'G', 'O']
C05783877,['G']
C34476237,['G', 'O']
C22957251,['G', 'G', 'G', 'O']
C36730530,['G', 'O', 'G']
C00162932,['G', 'G']
C08079334,['O', 'G']
C01680524,['G']
C01972894,['G']
C00078548,['G', 'G']
C35294941,['O']
C40258537,['G', 'G']
C00111050,['G', 'G']
C51734262,['O', 'G']
C04104691,['G']
C06610934,['G', 'G', 'G']
C31663085,['G', 'G', 'G']
C32739691,['G', 'G', 'O', 'G']
C35412232,['G']
C50593769,['G', 'G', 'O']
C07910113,['G', 'G', 'G']
C37422353,['G']
C42306074,['G', 'G']
C39450763,['-']
C06516014,['G', 'O', 'G', 'G']
C55304508,['O', 'G']
C05464625,['G', 'G']
C52175302,['G', 'G']
C41282666,['O', 'G', 'G', 'G']
C39505750,['O', 'G']
C39464650,['G', 'O']
C40257956,['G', 'G']
C00111434,['G', 'G', 'G']
C59269083,['-']
C50308941,['G', 'G']
C37651261,['G', 'G', 'G']
C39513446,['O', 'G']
C38054318,['G', 'O']
C45089323,['G', 'G', 'O', 'G']
C41692653,['G', 'G', 'G', 'O', 'G', 'G']
C35250891,['G', 'G']
C39505480,['G']
C49002420,['G', 'O', 'G', 'G', 'O']
C41678313,['G', 'G']
C06185565,['O', 'G']
C50593896,['G', 'O']
C51754558,['O', 'O']
C14210429,['G', 'G', 'O', 'G', 'G']
C20222625,['G', 'G']
C49299804,['G', 'O', 'G', 'G', 'G']
C36285978,['G']
C67183685,['G', 'G', 'G', 'O']
C40619854,['G', 'G']
C36743562,['G', 'O']
C32386656,['G', 'G', 'G', 'O']
C57539873,['G']
C20477021,['G', 'G', 'O']
C08691246,['G', 'O']
C03884176,['O', 'G']
C50980122,['G', 'G', 'G']
C35277063,['G', 'O']
C04118974,['G', 'G']
C12947761,['G', 'G', 'G', 'G']
C53072707,['O', 'O']
C37745845,['G']
C40257076,['G', 'G']
C62241644,['G', 'G']
C22000996,['O']
C63146704,['G', 'G']
C36532702,['-']
C39524535,['G']
C51362949,['G', 'G']
C03335926,['G']
C01702915,['G']
C49732311,['G', 'G', 'O']
C51987770,['G']
C03944826,['G']
C08614790,['-']
C08746133,['G', 'O', 'G']
C39506001,['G']
C59391719,['G', 'G']
C39525223,['G']
C39525988,['G']
C43303734,['G', 'G']
C02142644,['G', 'G', 'O']
C51993046,['G', 'G', 'G']
C41567315,['O', 'O', 'G', 'G']
C31920893,['G']
C40245978,['G', 'G']
C40242313,['G', 'G']
C32015729,['G', 'G']
C48442865,['O', 'G', 'O']
C04672885,['G', 'G']
C47682094,['G']
C19805668,['O', 'G']
C31978745,['G']
C49220365,['G', 'G', 'G', 'G', 'G', 'G']
C61916737,['G']
C40256665,['G', 'G']
C43683426,['G', 'G', 'O']
C57546726,['G']
C44700044,['-']
C03662527,['O']
C49100045,['O', 'G', 'O']
C02391868,['-']
C63117517,['G', 'G']
C40257395,['G', 'G']
C00334530,['-']
C39525332,['-']
C62779557,['G', 'G']
C49216375,['G', 'O', 'G', 'G']
C37206523,['G', 'G']
C45235768,['G']
C40490033,['G', 'G', 'G']
C41293384,['G', 'G']
C28058206,['G', 'G']
C31904383,['O', 'O']
C04088416,['G', 'O']
C14628761,['-']
C35295100,['O']
C36899820,['G', 'G']
C04382667,['G', 'G']
C62949524,['G', 'G']
C62200092,['G']
C50864091,['G', 'G']
C40280785,['G', 'G']
C42151946,['G', 'O', 'G']
C40878936,['O', 'G']
C26422980,['G']
C41066657,['G', 'G']
C37594083,['-']
C62720354,['G', 'G']
C29649536,['O', 'G', 'G', 'G', 'O']
C43367968,['G']
C32384369,['G', 'G', 'G', 'G']
C39957243,['G', 'O']
C36244428,['G', 'G']
C45235672,['O', 'G']
C21053610,['O', 'G']
C37974129,['G']
C62788621,['O', 'G', 'O']
C36702749,['G', 'G', 'G', 'G', 'G', 'G', 'G']
C40262021,['G', 'G']
C62721729,['-']
C41569390,['G']
C63044589,['G', 'G', 'G']
C39507117,['G', 'G']
C00334579,['G']
C45237878,['G']
C27982846,['G', 'G', 'G', 'G']
C38051193,['G', 'O']
C48424988,['G']
C44018808,['-']
C62779030,['G', 'G']
C61838142,['G', 'G']
C32942138,['G', 'G', 'G']
C63041404,['G', 'G', 'G']
C41393789,['G', 'G']
C08747728,['O', 'G', 'G']
C62241671,['G', 'G', 'G']
C20303954,['G', 'G', 'O']
C00328227,['O', 'G', 'G', 'G']
C59367424,['O', 'G']
C58714523,['G', 'G', 'O', 'G', 'G', 'O']
C36922435,['O', 'O', 'O']
C35730986,['O']
C44265370,['G', 'G', 'G']
C41711009,['O']
C39505081,['G']
C19803918,['G', 'G', 'G']
C54558152,['G', 'G']
C31944318,['G', 'G']
C55334331,['G', 'G']
C61618480,['G', 'G', 'G']
C20263937,['G']
C43559107,['G']
C04755769,['G']
C05044853,['O', 'G']
C00569021,['G', 'G', 'G', 'G', 'G']
C54744096,['G', 'G', 'G']
C05558530,['G', 'G', 'G']
C27642384,['G', 'O', 'G']
C62779308,['G', 'G']
C50360352,['G', 'G', 'G']
C54966770,['G', 'G', 'O', 'O']
C35134444,['G', 'G', 'G', 'G']
C40278646,['O', 'G']
C01598227,['G', 'G', 'G']
C30265692,['O', 'G']
C42783854,['G', 'G']
C11727601,['O']
C54743102,['-']
C61079965,['G', 'O', 'G']
C39511087,['G']
C48380780,['G', 'G', 'G']
C37363464,['G', 'G', 'O']
C39463433,['G', 'O']
C37055084,['G', 'O']
C62779057,['G', 'G']
C39511970,['-']
C66255415,['G', 'G']
C36720019,['O', 'G', 'G']
C35697713,['G']
C01499580,['G', 'G', 'O']
C63042028,['G', 'G', 'G']
C52295053,['G', 'G']
C13602768,['G', 'G']
C61838212,['G', 'G']
C26895264,['G']
C39506562,['G']
C35294324,['O', 'G']
C48629354,['G', 'G']
C36867871,['G', 'O', 'O']
C50522854,['G']
C42676094,['G', 'G']
C50335846,['G', 'G', 'O']
C12915888,['G', 'G', 'G']
C54160673,['G', 'G']
C49425017,['G', 'O', 'O', 'G']
C38337824,['O', 'G']
C06528182,['G', 'G', 'O']
C41702718,['G', 'G']
C37193494,['O', 'G', 'G']
C05105849,['-']
C13995088,['G', 'G', 'O', 'G']
C36922827,['G', 'O', 'G']
C45137228,['G', 'G', 'G', 'G']
C12755347,['G', 'G', 'G', 'G', 'G']
C36982579,['O', 'G', 'G']
C22058053,['G']
C40619851,['G', 'O']
C35323441,['-']
C62842964,['G', 'O', 'O']
C34486716,['G', 'G']
C49856324,['G']
C52832537,['G', 'G']
C49223004,['G', 'G', 'G']
C00055302,['G', 'O']
C05633445,['G', 'G', 'G', 'G']
C65405613,['G', 'G', 'G', 'O']
C46987334,['G', 'G', 'G', 'O']
C51819227,['G', 'O', 'O', 'G']
C00435885,['G', 'G', 'G']
C20581363,['G']
C11980921,['G']
C49864564,['G', 'O']
C05733479,['G', 'O']
C06175651,['O', 'G', 'O']
C04105456,['G']
C49167887,['G', 'G', 'G', 'G']
C08775876,['G', 'G', 'G']
C39280758,['G']
C02740725,['G', 'G', 'G']
C32908806,['G', 'G', 'G']
C39506636,['G']
C67516624,['O', 'G']
C62779597,['G', 'G']
C63562069,['O', 'O', 'O', 'G']
C52342982,['G', 'G']
C37422130,['G', 'G']
C45028172,['-']
C50330829,['O', 'O']
C61893895,['G']
C39511491,['G']
C48253511,['G', 'G', 'O', 'O']
C04864223,['G']
C62061584,['G', 'G', 'G']
C48703080,['O', 'G']
C63117821,['G', 'G']
C04114131,['G']
C50838040,['G', 'O', 'O', 'G', 'G', 'O']
C62706637,['G', 'G']
C40245706,['G', 'G']
C05734228,['G']
C04921626,['G', 'G']
C57345733,['G', 'G']
C67347486,['G', 'O']
C50309284,['G', 'O']
C51755887,['G', 'G']
C39525872,['G', 'O']
C42376116,['G']
C06513627,['-']
C38478018,['-']
C00368211,['O', 'G', 'G']
C62141791,['G', 'G', 'G']
C40453728,['G', 'G', 'G']
C48689154,['G', 'G', 'G']
C66263338,['G', 'G', 'G']
C08616065,['-']
C49852736,['G', 'G', 'G', 'G']
C05516749,['G', 'G']
C34874928,['G']
C47866934,['G', 'G']
C48235443,['G', 'O']
C16720804,['G', 'O', 'G']
C41658038,['G', 'G']
C00079797,['G']
C35206641,['G']
C42824032,['G', 'G']
C06188131,['G', 'G', 'O']
C19721643,['-']
C19836010,['G', 'G']
C63525516,['G']
C41937295,['G', 'G', 'G', 'G', 'G']
C02639331,['O', 'G', 'G', 'G', 'G', 'G', 'G']
C39521902,['G', 'O']
C40436520,['G', 'G', 'G', 'G', 'G', 'G']
C44490700,['G', 'G']
C43666074,['G']
C02534185,['G']
C33184380,['G', 'G', 'G']
C01592193,['G', 'O']
C37277527,['G', 'G', 'G', 'G', 'G']
C46258133,['O', 'G', 'G', 'G']
C15565750,['G', 'G', 'G']
C00494995,['G', 'G']
C00165017,['O', 'G']
C48622830,['G']
C35294417,['G', 'O']
C63157350,['G', 'G', 'G']
C40448399,['G', 'G']
C36151586,['G', 'G']
C01593074,['G', 'G']
C19909641,['G', 'O', 'O', 'O']
C40245968,['G', 'G']
C54743029,['-']
C04343079,['O']
C39957454,['-']
C37298466,['G', 'G', 'O', 'O']
C42291077,['G', 'G']
C00297745,['G', 'G']
C55304302,['G', 'G']
C43736310,['G', 'G']
C04026824,['-']
C41717606,['O']
C27937189,['G', 'G', 'G']
C40539543,['G']
C32115618,['G', 'G']
C20375259,['G', 'G']
C49860104,['G', 'O']
C48603536,['O', 'O']
C39512327,['G']
C09592650,['-']
C38071869,['G', 'G', 'G']
C04208875,['-']
C36898490,['G', 'G']
C42581181,['G']
C40262061,['G', 'G']
C36290530,['G', 'O']
C00984423,['-']
C50522664,['G']
C21017386,['O', 'O', 'G']
C39512316,['-']
C65339187,['G', 'G']
C48424936,['G']
C00317157,['G']
C65355861,['G']
C42811256,['O', 'G', 'O']
CHEMBL182993,['G']
C16084040,['G', 'G', 'G', 'G']
C36743596,['G', 'O']
C43665873,['G', 'G']
C39296476,['O']
C31920198,['G', 'G']
C01386243,['O', 'G']
C12336539,['-']
C01515951,['O', 'O']
C36152151,['O', 'O']
C20721108,['G']
C53169932,['O']
C54160671,['G', 'G']
C39524391,['-']
C20922055,['G', 'O']
C12937701,['-']
C40289190,['G', 'G', 'G']
C63041307,['G', 'G', 'G', 'G']
C53787063,['G', 'G', 'O']
C39507254,['-']
C40456655,['G']
C50330914,['G']
C26167700,['O', 'G', 'G', 'O']
C42418595,['G', 'G', 'G', 'O']
C42401230,['G']
C36939177,['G']
C39526344,['G', 'G']
C28429780,['G']
C39523686,['G']
C62238901,['G', 'G']
C39512903,['O', 'G']
C52815144,['G']
C31944437,['G', 'G']
C50503106,['O', 'G']
C14401044,['G']
C42415406,['G', 'G', 'G', 'G', 'O']
C10114673,['G', 'G', 'G', 'G', 'G', 'O', 'G']
C46258423,['G', 'G', 'G', 'O', 'O']
C42062110,['O', 'G', 'O', 'O']
C11949644,['G']
C39524489,['-']
C02455291,['G']
C04476450,['-']
C11430060,['G', 'G', 'G']
C52299273,['G']
C02985797,['O', 'G', 'G', 'G', 'G', 'O']
C62723013,['O', 'O']
C38652216,['O', 'G']
C36852891,['G', 'G']
C59138596,['O', 'O', 'O']
C39523199,['-']
C41709290,['G', 'G']
C37103618,['G', 'O', 'G']
C47658564,['G', 'O', 'O']
C00502205,['G']
C16245301,['-']
C14986094,['-']
C62360276,['G', 'G']
C06338545,['G', 'G', 'O', 'G']
C06402030,['G']
C37632209,['O', 'G']
C13384346,['G']
C49519055,['G', 'G', 'G', 'G']
C06037458,['G']
C65164423,['G', 'G']
C41290362,['G', 'G', 'G']
C49334283,['G', 'G', 'O']
C36385430,['G', 'G', 'G']
C35379382,['G', 'O']
C08698086,['-']
C48919189,['G', 'G', 'G']
C43301735,['G', 'G']
C63118714,['G', 'G', 'G']
C62104620,['G', 'G']
C43368002,['G']
C43601775,['G']
C44713369,['-']
C40245962,['G', 'G']
C05733252,['G', 'G']
C35369506,['O', 'G']
C53339121,['G', 'G']
C02016250,['G', 'G', 'G', 'G', 'G']
C36937291,['G']
C49820313,['G']
C48833500,['G', 'G', 'G']
CHEMBL181722,['G']
C41939608,['G', 'G', 'G', 'G']
C39523824,['-']
CHEMBL359911,['G']
C53339137,['G', 'G', 'G']
C39507295,['G']
C43662497,['G']
C14984715,['-']
C61629504,['G', 'G']
C21303140,['G', 'G']
C40289261,['O', 'G']
C15894091,['G', 'G', 'G', 'G', 'G']
C67516626,['G', 'G']
C36277794,['G', 'G']
C40571864,['G']
C37463549,['G', 'G']
C63041403,['G', 'G', 'G']
C04976800,['G']
C66054159,['G']
C41720507,['G', 'G']
C49534516,['O', 'G', 'O']
C03273423,['G', 'G', 'G', 'G']
CHEMBL135,['-']
C42335554,['G', 'O']
C48629227,['G', 'G']
C39540473,['O', 'O']
C35081661,['O', 'G', 'G']
C57850514,['G', 'G', 'G']
C41677458,['G', 'G']
C63039738,['G', 'G']
C48643603,['G', 'G', 'G']
C42689454,['-']
C62241130,['G', 'G']
C51734348,['G', 'G']
C05272103,['G', 'G', 'G', 'G', 'G']
C64556975,['G', 'O', 'O']
C44490804,['G', 'G', 'G']
C40242152,['G', 'G']
C40887233,['G', 'G']
C64877291,['O', 'G', 'G', 'G']
C13139212,['G', 'O']
C37287737,['G', 'G']
C62360108,['G', 'G', 'G', 'G']
C66346482,['G']
C03882304,['G']
C18325255,['G']
C12406705,['G', 'G']
C22538148,['O', 'G', 'G']
C14984015,['-']
C37121604,['O', 'G', 'O']
C05964715,['-']
C39512821,['-']
C66327602,['G', 'O', 'G', 'O', 'G']
C36201451,['G', 'G']
C50308875,['G', 'O']
C17964750,['G', 'G', 'G', 'G', 'G', 'G']
C41569182,['-']
C39524222,['G']
C65879409,['G', 'G', 'O']
C39525233,['-']
C34791117,['G', 'G']
C39512275,['-']
C19836012,['G', 'G']
C00348083,['-']
C44490706,['O', 'O']
C37970028,['G', 'G']
C05504184,['G', 'G']
C06222846,['G']
C39526133,['-']
C01597239,['G', 'O', 'G', 'G']
C63118670,['G', 'O', 'G']
C05566751,['G', 'G']
C49318400,['G', 'G', 'O']
C36148795,['G', 'G', 'O']
C05666968,['-']
C62540412,['-']
C02027881,['G']
C08684239,['G']
C00285831,['G']
C60481673,['G', 'G', 'G']
C39513441,['O', 'G']
C41059768,['G', 'G']
C49304803,['G', 'G', 'G']
C39525474,['G']
C42177817,['G', 'G', 'G']
C37935153,['G']
C44628664,['-']
C65503151,['G', 'G']
C42291080,['G', 'O']
C40245160,['G', 'G']
C27093626,['G']
C42163249,['G', 'G', 'G', 'G']
C39507297,['G']
C58264198,['G', 'G', 'G']
C36533158,['G']
C50043045,['G', 'G']
C36244282,['G']
C57606613,['G', 'G']
C49469451,['G', 'G', 'G']
C26958237,['-']
C04829771,['G']
C00435688,['G', 'G']
C63477906,['G', 'G', 'G']
C62720692,['G']
C52884690,['G', 'G', 'G']
C08054002,['G', 'G']
C39504462,['G', 'G']
C00288943,['-']
C04314858,['G', 'G', 'G']
C01590747,['-']
C00967490,['G']
C01424691,['G', 'G']
C57579704,['G']
C35085433,['G', 'O']
C00452595,['O', 'G', 'G']
C63064557,['O', 'G', 'G']
C50605493,['O', 'G']
C41710051,['G', 'G']
C36825885,['G', 'G']
C22154718,['G']
C50522099,['G', 'G']
C20910394,['O', 'G', 'G']
C38241212,['-']
C43463465,['G', 'G']
C42415147,['G']
C57312076,['G', 'O']
C25337374,['G']
C61120190,['G', 'G', 'O', 'G']
C41230027,['G']
C00480745,['G']
C39511432,['G', 'G']
C39522176,['G', 'G']
C00036774,['G']
C15442704,['-']
C57592945,['O', 'G', 'G']
C09683061,['O', 'O']
C52835605,['O', 'G']
C39525243,['-']
C40236447,['G', 'G', 'G']
C67047484,['G', 'G', 'G']
C31899396,['G']
C35016060,['-']
C54928439,['G', 'G', 'O']
C61691180,['O', 'G', 'O']
C01935635,['G', 'G', 'G']
C35361231,['G', 'G', 'G', 'G', 'G']
C04622073,['O', 'G', 'O']
C45819285,['G', 'G', 'G', 'G']
C02510734,['O']
C41769998,['G', 'G', 'G', 'G']
C37843923,['G', 'G', 'G']
C05809714,['G']
C42702801,['G', 'G', 'G']
C37205243,['G', 'G', 'G']
C54963375,['G', 'O', 'G']
C58845911,['G', 'G', 'G']
C49121269,['G', 'G', 'G', 'G', 'G']
C65339181,['G', 'G']
C48623013,['O', 'O']
C16125724,['G', 'G']
C35688362,['O', 'O']
C49087486,['G', 'O', 'G']
C40276567,['G', 'G']
C37797305,['O', 'O', 'O', 'G']
C02539974,['O']
C48682432,['G', 'G', 'G', 'G']
C35127412,['G', 'G', 'G', 'G']
C03957841,['O', 'G', 'O', 'O']
C33671622,['G']
C19801520,['G', 'G']
C43748708,['G', 'G']
C50971983,['G', 'G']
C36244379,['G']
C50845384,['G', 'G']
C19930025,['G', 'G']
C37268906,['O', 'G', 'G']
C49179742,['G', 'G', 'O']
C00550094,['G']
C59455962,['G', 'G', 'G']
C39648203,['G', 'G']
C21638087,['G', 'O', 'G']
C37549635,['G', 'G', 'G', 'G']
C56264004,['G', 'G', 'G', 'G', 'G', 'G', 'O']
C19930045,['G', 'G']
C39511955,['G']
C39504420,['G', 'G']
C05007067,['G', 'G']
C03276914,['O']
C49403045,['G', 'G', 'G', 'G', 'G', 'G', 'G', 'O']
C37252694,['O', 'O', 'O', 'O', 'O']
C39505020,['-']
C49151570,['O', 'G', 'O']
C39525045,['G']
C20581209,['G']
C62618547,['O']
C22203454,['-']
C40435200,['-']
C37368690,['G']
C06541597,['G', 'G']
C39524339,['-']
C40259671,['G', 'G']
C50630826,['G', 'G', 'G']
C04599769,['O']
C22162233,['-']
C34789393,['G', 'G']
C22330528,['G', 'G', 'G', 'G']
C20303950,['G', 'G', 'O']
C54214327,['G', 'G']
C31863190,['G']
C39379672,['G', 'O']
C45622977,['G', 'G', 'G']
C48444091,['G', 'G', 'G']
C02243486,['-']
C04453130,['G', 'G']
C50676541,['G', 'G']
C01575040,['-']
C42194930,['G', 'O', 'G']
C05908596,['G']
C61618442,['G', 'G', 'G']
C41894397,['G', 'G', 'G']
C49418315,['G', 'O', 'G']
C52815010,['G', 'G', 'G']
C13658570,['G', 'G']
C38537131,['G', 'O', 'G']
C21183433,['G', 'G', 'G', 'G', 'O']
C03956990,['-']
C00970112,['G']
C32905948,['G', 'G', 'G']
C37173324,['G', 'G', 'G', 'O', 'G']
C39512834,['-']
C23845379,['G', 'G', 'G']
C41710048,['G', 'G']
C40254385,['G', 'G', 'G']
C36733890,['G', 'G', 'G']
C05519398,['G', 'G']
C00808042,['G', 'G', 'O']
CHEMBL197846,['-']
C49011083,['O', 'G', 'O', 'G', 'G']
C12428270,['O']
C37205987,['G']
C49409587,['G', 'G', 'G', 'G']
C40264501,['G', 'G', 'G']
C42656939,['G', 'G', 'G', 'G', 'G', 'G']
C01884684,['O']
C31921995,['G', 'O', 'G']
C43666383,['G', 'G']
C18272393,['G', 'G', 'G']
C50043014,['G', 'G']
C00973771,['-']
C20136261,['G', 'G']
C61960517,['O', 'G', 'O']
C52229283,['G', 'G', 'G', 'G']
C15866301,['G', 'G']
C06279544,['-']
C66309408,['G', 'G']
C35031748,['G', 'G', 'G']
C37605035,['G', 'G', 'O']
C44198456,['O']
C02766517,['G']
C60098505,['G', 'G', 'G']
C48412384,['G', 'G']
C55304257,['G', 'G']
C43669058,['G', 'G']
C01618050,['-']
C20910328,['G', 'G', 'O']
C35504574,['O', 'G', 'G']
C39512309,['-']
C38259811,['G', 'G']
C61364826,['G']
C05245058,['G', 'G', 'G']
C39511868,['G']
C67428208,['O', 'O', 'G']
C05285123,['G', 'G']
C53100045,['O']
C01603144,['G', 'G', 'G']
C04352727,['-']
CHEMBL248841,['O']
C40624120,['O', 'O', 'G', 'G']
C36395898,['G', 'O', 'G']
C40247324,['G', 'G']
C39523867,['-']
C42143958,['O', 'O']
C13597904,['-']
C39512615,['-']
C42415093,['G']
C66428313,['G', 'G', 'G']
C03880812,['O']
C05230157,['G']
C40449713,['-']
C39512858,['G']
C00305463,['G']
C36827600,['O', 'G', 'G', 'G']
C61371847,['G', 'G', 'G']
C63075764,['G', 'G', 'G']
C35082557,['O', 'O']
C51606513,['O', 'G']
C00406251,['G', 'G', 'G']
C32031939,['G', 'G', 'O']
C43667532,['G', 'G']
C37574519,['G', 'G']
C12342651,['G', 'G', 'G']
C35294610,['O']
C37325231,['O', 'O']
C00382526,['G', 'G', 'G']
C05413237,['-']
C48862804,['G', 'O', 'G']
C16971373,['G', 'G', 'G']
CHEMBL307910,['-']
C39524332,['-']
C12951146,['G']
C43367816,['G']
C55266602,['O', 'O', 'G']
C04476449,['-']
C50593259,['G', 'O']
C40227542,['O', 'G']
C39512591,['-']
C37373118,['O']
C39143178,['G', 'G', 'G']
C37375919,['G']
C28429619,['G']
C52852146,['G']
C40165678,['G', 'G', 'G']
C38091122,['O', 'G', 'G']
C36898133,['G', 'O']
C50868318,['O']
C63043580,['G', 'G']
C41709296,['G', 'G']
C42352008,['G', 'G']
C41716248,['G', 'G']
C42445022,['O', 'O', 'O']
C39143179,['G', 'G', 'G']
C50329524,['G', 'G', 'G']
C63130780,['G', 'G', 'G', 'G', 'G']
C51884224,['G', 'G', 'G']
C35778465,['G', 'O']
C63040850,['G', 'G', 'G']
C05921271,['G']
C02275372,['G', 'G']
C06316368,['G', 'G']
C37400318,['G']
C39956061,['G', 'G']
C61584936,['O', 'G']
C04954145,['G', 'G', 'G']
C01612288,['G']
C52295142,['G', 'G']
C62722927,['G', 'G']
C54526470,['G', 'G']
C37348507,['G', 'G', 'G', 'O']
C36752594,['G']
C36898028,['O']
C36075514,['G', 'G']
C41659205,['G', 'G']
C17003818,['G']
C63019934,['G', 'G', 'G']
C03602815,['G', 'G', 'G', 'G', 'G', 'G']
C49304183,['G', 'G', 'G', 'G', 'G', 'G']
C12532364,['O', 'G', 'G', 'G', 'G']
C05002254,['G']
C40263678,['G', 'G', 'G']
C05049146,['G', 'G']
C00172989,['O']
C48483027,['G', 'O', 'G']
C42375791,['G', 'O', 'G', 'O']
C41707435,['G', 'G']
C17120015,['-']
C37373126,['O']
C00134563,['-']
C15444614,['-']
C55190423,['O']
C65342606,['G', 'G']
C60363075,['G', 'G']
C00349044,['G']
C06571283,['O', 'G', 'G']
C39055694,['G', 'G']
C61893775,['G']
C37421329,['G']
C61821591,['O', 'O']
C07304282,['G', 'G', 'G']
C40159696,['O', 'G', 'O']
C40254279,['G', 'G', 'G']
C50726942,['G', 'G', 'G']
C36278109,['O', 'O']
C37206610,['O', 'O']
C48762553,['G', 'G', 'O']
C01462605,['G', 'G']
C39055697,['G', 'G']
C01755961,['G', 'G']
C36827907,['G']
C13359283,['G', 'G', 'O', 'G']
C05274866,['G']
C64033585,['-']
C12874128,['G', 'G', 'G']
C05480433,['-']
C49517479,['G', 'G', 'G', 'G', 'G']
C12959131,['G', 'G', 'O']
C48518442,['G', 'G', 'G', 'G']
C42197026,['O', 'G', 'G', 'G']
C35294872,['O']
C57306528,['G', 'G']
C40445482,['G', 'G', 'G']
C39511123,['G']
C19723738,['G', 'O']
C13228780,['G', 'G', 'G']
C43687450,['G', 'G']
C37947879,['G']
C44167614,['G']
C49750406,['G', 'G', 'G', 'G']
C39167724,['O', 'G']
C28312742,['G', 'G', 'G']
C20086815,['O', 'O', 'G']
C39524335,['-']
C37490325,['G', 'O']
C40927976,['G', 'G']
C43663685,['G']
C26115550,['O', 'O', 'G', 'G', 'O', 'G']
C59393189,['O', 'O', 'O', 'O']
C48939651,['O', 'G', 'G']
C40241534,['G', 'G', 'G']
C40264883,['G', 'G']
C22125065,['-']
C14983027,['-']
C39524430,['-']
C38747844,['G', 'G']
C62241132,['G', 'G']
C49957370,['O', 'G', 'G']
C04006078,['G']
C65813963,['G', 'O']
C07914425,['G', 'G']
C06316472,['O', 'G', 'G']
C41710799,['G', 'G']
C52788428,['O', 'O', 'G']
C55270085,['G', 'G']
C01708285,['G', 'G', 'G']
C02384108,['G']
C62361403,['G', 'G']
C48389635,['G', 'G', 'G', 'G']
C37247861,['O', 'O']
C39524280,['G']
C20581044,['G', 'G']
C36854580,['O', 'G', 'G']
C05517129,['G', 'G']
C39365019,['G', 'G']
C62100296,['O', 'G']
C16425336,['G']
C49124060,['G', 'G', 'G']
C36302533,['G', 'G', 'G']
C04313154,['G']
C02300673,['G', 'G', 'G']
C35116406,['O', 'G', 'O']
C44243965,['G', 'G']
C03861358,['-']
C00892656,['G', 'G', 'G']
C44256946,['G', 'G']
C40261935,['G', 'G']
C36981568,['G', 'O', 'O', 'G', 'O']
C50585893,['G', 'G']
C36743630,['G', 'O']
C00391655,['O', 'G', 'O']
C63116873,['G']
C19808823,['G', 'G']
C14141547,['G', 'G', 'G']
C62950930,['-']
C39504466,['G']
C39111193,['G', 'G', 'G']
C19954681,['G', 'G', 'O']
C50480860,['G', 'G', 'G', 'G', 'G']
C43663437,['O']
C55170690,['G', 'G', 'O']
C37175631,['G', 'O', 'O', 'O']
C64555583,['G', 'G', 'G', 'G']
C32650580,['O', 'O', 'O']
C03076803,['G']
C37455747,['O', 'O', 'G']
C65339279,['G']
C39519641,['G', 'G', 'G']
C04935017,['G', 'G', 'G']
C06525541,['G', 'G', 'O']
C02527877,['-']
C49423989,['G', 'G', 'G', 'O']
C37494757,['G', 'G', 'G', 'G']
C61659638,['G', 'O', 'G']
C22162228,['-']
C54630074,['G', 'G']
C04018949,['G', 'G', 'G']
C40282068,['G', 'G', 'G']
C42369891,['G', 'G', 'G']
C40256079,['G', 'G', 'G', 'G']
C36922523,['G', 'O']
C61694913,['G', 'O']
C02500143,['G', 'G']
C31921049,['G', 'G']
C66580033,['G', 'O']
C37640122,['G']
C51596696,['O', 'G']
C49623524,['G', 'G', 'G']
C38932891,['G']
C45446585,['O', 'G']
C39511442,['G', 'G']
C48672848,['G', 'G']
C41718712,['G']
C62557573,['-']
C05663100,['G', 'O']
C11633695,['G', 'G']
C34772917,['G']
C03023762,['G']
C44350569,['G', 'O', 'O', 'G']
C03124162,['-']
C39895673,['G', 'G']
C42731226,['G', 'G']
C39511932,['-']
C12504689,['G', 'G', 'G']
C35698561,['G']
C28782116,['G', 'G', 'G']
C41718441,['G', 'G']
C63076930,['G', 'G']
C50308125,['O']
C40280510,['G', 'G']
C08053875,['G']
C17055777,['G', 'O', 'G']
C05429032,['G', 'G', 'O']
C40270894,['G', 'G']
C63001038,['G', 'O']
C02172404,['G', 'G']
C63037778,['G', 'G']
C37193389,['G', 'G', 'O']
C49185531,['G', 'G', 'G']
C20487534,['G', 'O', 'G', 'G']
C36890899,['G', 'G', 'G']
C11332215,['G', 'O']
C02566804,['G']
C05031303,['G']
C40248425,['G', 'G']
C00204441,['G', 'G', 'G']
C16678748,['-']
C17887622,['O', 'G', 'G']
C42188353,['G', 'G']
C37746476,['G']
C49068430,['G', 'G']
C62663650,['G', 'G']
C00122977,['G']
C05285345,['G', 'G']
C48860778,['G', 'G']
C14425523,['G', 'G', 'G', 'G']
C66054754,['-']
C53069212,['G', 'O', 'G', 'G', 'G']
C44713075,['G']
C38890792,['-']
C66634487,['G', 'G', 'G']
C66054230,['-']
C13213561,['O']
C05566665,['-']
C02566023,['O']
C40237411,['G', 'G']
C30678109,['-']
C01700966,['G']
C54491106,['G', 'G', 'O', 'G', 'G']
C41184051,['G', 'G']
C39524063,['O', 'G', 'G']
C63405661,['G', 'G', 'G', 'G']
C35296969,['G', 'O', 'O']
C13691981,['G']
C39512528,['G']
C62986026,['G', 'O']
C50351287,['G', 'G', 'O']
C05574377,['G', 'G']
C50568767,['G', 'G', 'G', 'O']
C43302474,['G', 'G']
C61639544,['G', 'G', 'G', 'G']
C40022229,['O', 'G', 'O']
C04511223,['G', 'G', 'G']
C59486899,['G']
C51814279,['G', 'G', 'G']
C16226068,['G', 'G']
C20010002,['G', 'G']
CHEMBL255776,['G']
C23428767,['G', 'G', 'G']
C54788897,['O', 'O', 'G']
C00057039,['G']
C03887306,['G', 'G', 'G']
C61411926,['G', 'G', 'G']
C48948881,['O', 'O', 'G']
C55202574,['G', 'G']
C35698321,['G']
C35055811,['G', 'G']
C00818900,['G', 'G', 'G']
C04137663,['O', 'G']
C46691642,['G', 'G', 'G']
C00545850,['G', 'G']
C28196607,['G', 'G', 'G']
C07192862,['G', 'G', 'G']
C43736491,['-']
C35635940,['-']
C32488974,['O', 'G', 'O']
C01409791,['G', 'G']
C62152497,['G', 'G']
C41719702,['G', 'G']
C06417908,['O', 'G', 'G']
C31678420,['G', 'G', 'G']
C50816860,['G', 'G', 'G', 'G']
C43641160,['G']
C00972002,['G']
C62168696,['G', 'G', 'G', 'G', 'G']
C48628737,['O', 'G', 'G', 'G']
C37982271,['G', 'G', 'G', 'O', 'G']
C08329223,['O', 'G']
C01578058,['G', 'G']
C04795165,['-']
C04828851,['O']
C28165801,['O', 'O']
C53168831,['G', 'G']
C08056532,['G', 'G', 'G', 'O']
C20252906,['G', 'O', 'O']
C43577745,['G', 'G', 'G']
C63764101,['G', 'G']
C41983505,['G', 'G', 'G']
C20601000,['O', 'G', 'O', 'G', 'G']
C35356827,['G', 'G', 'G']
C43426081,['G', 'O']
C44426728,['G', 'G']
C44677879,['G', 'G']
C49141940,['G', 'G', 'O']
C48671489,['G', 'G', 'O', 'O']
C39511154,['G', 'G']
C05600690,['-']
C41980751,['G', 'G', 'G', 'G', 'G']
C62949214,['G']
C62190481,['G']
C39513803,['O', 'G', 'G']
C39504628,['O', 'G', 'G']
C59406707,['G', 'O']
C43408359,['O', 'O']
C32458120,['G', 'G', 'G']
C62536893,['G']
C37203375,['O', 'G', 'O', 'O']
C61123833,['G', 'G']
C36956029,['G', 'G']
C01054019,['G', 'G', 'G']
C03069520,['G']
C37444526,['G', 'O']
C62133234,['G', 'O', 'O']
C05093167,['G']
C04218821,['G', 'G', 'G']
C21054342,['G', 'G']
C16959313,['G', 'G', 'G']
C67428032,['G', 'G', 'G', 'G']
C48482940,['G', 'G', 'G']
C35308657,['G', 'G']
C36743632,['G', 'O']
C06392445,['G', 'G']
C13522365,['O', 'G']
C61576690,['G', 'G', 'G']
C19931299,['G', 'G']
C35634060,['G', 'G', 'G', 'O']
C42402294,['O', 'O', 'O', 'O']
C44544665,['-']
C64394452,['O', 'O', 'G']
C36148546,['G', 'G']
C62250891,['O', 'G', 'O']
C39568686,['G', 'G', 'G', 'G']
C43849741,['G', 'G', 'G']
C54833099,['O', 'O', 'O']
C63041326,['G', 'G', 'G']
C05392427,['G', 'G', 'G']
C43841032,['O', 'G', 'G', 'O', 'G']
C35359299,['O', 'G']
C49453148,['G']
C62658562,['G', 'G', 'O']
C06115473,['G', 'G', 'G', 'G', 'G', 'O']
C00977853,['G', 'O']
C62242834,['G', 'G']
C00481417,['G']
C16931018,['G', 'G']
C48707764,['G', 'G']
C39523730,['-']
C36981943,['G', 'O', 'O', 'O']
C08459665,['G', 'G']
C37423403,['G', 'O', 'O']
C08318131,['G', 'G', 'G']
C13534243,['G', 'G']
C37442515,['G']
C62797245,['G', 'G']
C36898413,['G']
C15975355,['G', 'O', 'G', 'G', 'O']
C04695255,['G', 'G']
C37650962,['G', 'G', 'G']
C13444986,['G', 'G']
C14185080,['G', 'O', 'O', 'O']
C17353731,['G', 'O', 'G', 'G']
C00113145,['O', 'G', 'G', 'G']
C28324558,['G', 'G', 'G', 'G']
C39512746,['O', 'G']
C21505199,['G', 'G']
C31808357,['O']
C37302782,['G', 'G', 'O', 'O', 'O']
C35634385,['G', 'G', 'G', 'G']
C00192002,['O', 'G']
C39275738,['O', 'G', 'G', 'G', 'G', 'O']
C04375735,['O']
C35239171,['G', 'G', 'O', 'G']
C62959138,['G', 'O']
C37982268,['G', 'O', 'G', 'O', 'G']
C01409892,['G', 'G']
C44930297,['G', 'G', 'G', 'G', 'G', 'G']
C65399131,['G', 'G']
C08670109,['-']
C58342635,['G', 'G', 'G', 'G', 'G']
C39099745,['O', 'G']
C02802962,['G', 'O']
C51814574,['G', 'O', 'O']
C49534140,['G', 'O']
C02766894,['G', 'G', 'G']
C52901777,['G', 'G']
C50849921,['G', 'G', 'G', 'O', 'G']
C03908918,['G']
C02491993,['-']
C54300203,['G', 'G', 'G', 'O']
C61095164,['G', 'G', 'G']
C36276794,['G']
C09189465,['G']
C41377426,['G', 'G']
C48389633,['G', 'G', 'G', 'O']
C22192101,['G', 'G', 'G']
C00117741,['G']
C40975923,['G']
C49668815,['G', 'G', 'G']
C36903918,['G', 'G']
C00171781,['G']
C48380429,['O', 'G', 'O', 'O']
C00752208,['O']
C20191052,['G', 'G']
C50358479,['G', 'G', 'O']
C01054340,['G', 'G', 'G', 'O']
C38032569,['G', 'G']
C54051915,['G', 'G', 'G', 'O']
C44827845,['G', 'G', 'G', 'O']
C39525750,['G', 'G']
C41713170,['G']
C19625848,['G', 'G']
CHEMBL394792,['G', 'G', 'G']
C04291969,['G', 'O', 'G']
C59383892,['G', 'G']
C01578060,['G', 'G']
C35187480,['G', 'G', 'O']
C19805663,['O', 'O']
C27982873,['G', 'O', 'G', 'G']
C20722354,['G']
C04116855,['G', 'G', 'G']
C39520446,['G', 'G']
C04505633,['G', 'G']
C51596194,['O', 'G']
C61173653,['O', 'G', 'G']
C47041043,['O', 'G', 'O', 'O']
C50358316,['G', 'O', 'G', 'O', 'G']
C37501133,['G', 'G', 'G', 'G']
C49692923,['O', 'G']
C63134711,['G', 'G', 'G']
C54545626,['G', 'G']
C64121160,['G', 'G', 'G', 'G', 'G', 'G']
C20525804,['O', 'O']
C19273650,['G', 'G']
C58432941,['G', 'G']
C00759539,['G']
C32914280,['O', 'O', 'G']
C37314833,['G', 'G', 'O']
C44644408,['G', 'G']
C07813400,['O', 'G']
C36898264,['G']
C31990173,['O', 'G']
C04824014,['G', 'G']
C41137381,['G', 'G', 'G', 'G', 'G', 'O']
C03320332,['G', 'G', 'G', 'G']
C47516374,['G', 'G', 'G', 'O']
C37075642,['G', 'O', 'O']
C12996856,['O', 'G', 'G', 'O']
C41715199,['G', 'O']
C46731633,['G', 'G', 'O', 'G', 'G']
C00173142,['O', 'G', 'G']
C13686515,['G']
C20479597,['G', 'G']
C43667622,['G', 'G']
C55331284,['G', 'G']
C37362709,['O', 'G', 'O']
C39540402,['-']
C42578062,['O', 'O', 'G']
C01038779,['G', 'G', 'O']
C20594284,['G', 'O']
C43458205,['O', 'G', 'G', 'O', 'G', 'G']
C33487205,['G', 'G']
C00344066,['G']
C05237652,['G', 'O']
C51601740,['G', 'G']
C44544689,['-']
C50603723,['G', 'G']
C36153495,['G', 'G']
C02075151,['G', 'O']
C08234507,['O', 'G', 'O']
C41256489,['O', 'G']
C19755180,['G', 'O']
C62878653,['G', 'G', 'G']
C28655155,['G', 'G']
C50225792,['G', 'G']
C35118690,['O', 'G']
C08131653,['G', 'G', 'G', 'G']
C50045734,['G', 'O']
C08236663,['G', 'G', 'G', 'G', 'G']
C36274057,['O', 'O']
C04547938,['G', 'O']
C40265186,['G', 'G', 'G']
C32738600,['G', 'G', 'G']
C50376996,['G', 'G', 'O']
C36961558,['O', 'G', 'G']
C65343933,['G', 'G']
C01483583,['G']
C37414682,['G', 'G', 'G', 'O']
C40262819,['G', 'G']
C00871828,['G', 'G']
C06678306,['G']
C01639786,['-']
C39511019,['G', 'G']
C28324679,['G', 'G', 'G', 'G']
C61417183,['G', 'G']
C37976617,['G', 'G']
C19624436,['G']
C49051382,['O', 'G', 'G', 'O', 'O']
C48069471,['G', 'G', 'G', 'G']
C00387029,['G', 'O', 'G']
C00480761,['G']
C59767707,['O', 'G', 'G']
C07813295,['O', 'O', 'O']
C15781798,['G', 'G', 'G', 'G', 'G']
C28225516,['G', 'G']
C40236445,['G', 'G', 'G']
C37107553,['O', 'G', 'G', 'G']
C61417369,['G', 'G']
C07813398,['O', 'O']
C62844064,['G', 'G', 'G']
C41614217,['G', 'G', 'G', 'G']
C55334329,['G', 'G']
C26505316,['G']
C32631659,['O', 'G', 'G']
C42496320,['O', 'G', 'G', 'G', 'G']
C55189182,['G', 'O']
C35416576,['G', 'G', 'G']
C39951849,['G', 'G', 'G']
C50045532,['G', 'G', 'G']
C02139894,['-']
C39458542,['G']
C32532368,['O', 'G', 'G']
C52907313,['G', 'O']
C05942028,['G', 'O']
C19767171,['G', 'G']
C40449907,['G']
C52298391,['G', 'G', 'G']
C48770461,['G']
C61697281,['G', 'G']
C00093714,['G', 'G']
C64370326,['G', 'O', 'G']
C35688088,['G', 'O', 'G']
C63959390,['G', 'G', 'G']
C09478515,['G', 'G']
C01735527,['G', 'G', 'G']
C03683930,['G']
C40268590,['G', 'G', 'G']
C54863408,['G', 'O', 'G']
C39370760,['O', 'G']
C47218729,['O', 'G']
C50012425,['G', 'O', 'O', 'O']
C41711959,['G']
C42827718,['G', 'G', 'G', 'O']
C50329265,['G', 'O']
C63783689,['G', 'O', 'O']
C50911579,['G', 'G']
C20594234,['G', 'G']
C49004825,['G', 'G', 'G', 'G']
C65519445,['O', 'G', 'G', 'G']
C61657266,['G', 'O', 'G']
C05183944,['G']
C12491856,['G', 'O', 'G', 'G']
C00103544,['-']
C23958094,['G', 'O', 'G', 'O']
C36989758,['O', 'O', 'O', 'G', 'G']
C04683829,['-']
C39444809,['G', 'G', 'G']
C41165711,['G', 'G', 'G', 'G']
C55304218,['G', 'G']
C26424428,['G', 'G', 'G']
C39513917,['G', 'G', 'G']
C39948465,['G', 'G', 'G']
C03289253,['G', 'G', 'G', 'G', 'G', 'G', 'G']
C50359836,['G', 'O', 'G', 'O', 'G', 'O']
C50102581,['G', 'O', 'G']
C62752005,['G', 'O', 'G']
C01250183,['G']
C01705364,['G']
C27970941,['G', 'G', 'G']
C06665388,['G', 'O']
C50045796,['G', 'G', 'G']
C58341768,['G', 'G', 'O']
C40256338,['G', 'G', 'G']
C42165016,['G', 'O', 'O', 'G', 'O']
C37287796,['G', 'G']
C01562917,['G', 'G']
C37203675,['O', 'G']
C37885042,['G', 'G', 'O', 'G']
C44592528,['O', 'G']
C52924503,['G', 'G', 'G']
C05808524,['-']
C00046552,['G', 'O']
C35294773,['O']
C03345663,['G', 'G', 'G', 'G']
C39147049,['G']
C41691920,['G', 'G', 'G', 'G', 'G']
C35631247,['O', 'G']
C49569166,['G', 'G']
C61917417,['G', 'G', 'O']
C40278375,['G', 'G', 'G']
C32532023,['O', 'G', 'G']
C62752577,['G', 'O', 'O']
C54068304,['G', 'G', 'O', 'G', 'O']
C01735913,['G']
C07667802,['G', 'G', 'G']
C54862015,['G', 'G']
C09549637,['G', 'G', 'G', 'G']
C55310257,['G', 'G', 'G']
C06918619,['G', 'O', 'G']
C43429022,['G', 'O']
C49987593,['O', 'G', 'G']
C40261853,['G', 'G']
C06727245,['G', 'G']
C41709323,['G', 'G', 'O']
C39525856,['G']
C07057115,['G', 'G', 'G']
C62631690,['G', 'G', 'G']
C47410607,['G', 'G', 'G', 'G']
C42207846,['G', 'G', 'G']
C01325311,['G', 'G', 'G']
C39961291,['-']
C37442158,['O', 'G']
C36903737,['G', 'O']
C36372532,['G', 'G', 'G']
C61639596,['G', 'G', 'G']
C14201176,['G', 'G']
C62878890,['G', 'G', 'G']
C04774664,['O', 'O']
C37515315,['G', 'O']
C47839670,['G', 'G', 'G', 'G']
C44315548,['G']
C40260984,['G', 'G']
C59160837,['-']
C43510944,['G', 'G', 'G', 'G', 'G']
C38051473,['G', 'G']
C61514803,['G', 'G']
C04863927,['G']
C61861971,['G', 'G', 'G']
C06561252,['G', 'O']
C49341679,['G', 'G', 'G']
C16265918,['G']
CHEMBL268568,['G']
C64874642,['G', 'G']
C40553213,['O', 'G', 'G']
C36989721,['G', 'G', 'O', 'G', 'G']
C04026516,['G', 'G']
C05237299,['G', 'G']
C49521414,['O', 'G', 'O', 'G', 'G']
C40676490,['G', 'G']
C15840427,['G', 'G', 'G']
C20594244,['O']
C43302686,['G', 'G']
C37417303,['O', 'G', 'G', 'G', 'O']
C40242471,['G', 'G']
C55331333,['G', 'G', 'G']
C06425162,['-']
C55294458,['O', 'G', 'G']
C30372037,['G', 'G', 'G', 'G', 'G']
C35045751,['G', 'O', 'O']
C36320153,['G']
C36979289,['G', 'G', 'O']
C64897171,['G', 'O', 'G', 'G']
C55648986,['G', 'G', 'G', 'G']
C41331891,['G', 'O']
C59417570,['O', 'G', 'G', 'G', 'G', 'G']
C00413756,['G', 'G', 'G']
C45626353,['G', 'G', 'O']
C41566731,['G', 'G', 'O', 'G']
C06883511,['G']
C04618992,['O']
C01002677,['O', 'G', 'G', 'G']
C48421691,['G', 'G', 'G', 'G']
C11797718,['G', 'G', 'G', 'G']
C05275441,['G']
C42279704,['G', 'G']
C00414759,['O', 'G', 'O']
C05604663,['G']
C44226267,['G', 'G']
C53167079,['G', 'G']
C61658165,['G', 'G', 'O']
C48606963,['G', 'G', 'G', 'G']
C08232269,['O', 'G', 'G']
C37283446,['G', 'G', 'O', 'G']
C03904801,['O', 'G']
C62818291,['G', 'G']
C42406687,['G', 'G', 'G', 'G']
C44513065,['G', 'G', 'O', 'G', 'O']
C05160659,['O', 'G', 'G', 'G', 'G']
C62242289,['G', 'G']
C00337028,['G']
CHEMBL185880,['O', 'O']
C49374673,['G', 'G', 'O', 'G']
C36897483,['G']
C65901923,['O', 'G', 'O']
C00100020,['G', 'G']
C01002263,['G', 'G', 'G']
C37422539,['O', 'O']
C43688761,['G', 'G', 'O']
C32531914,['O', 'G', 'G']
C67561351,['G', 'G', 'G', 'G']
C55304300,['G', 'G']
C43410869,['G', 'G', 'O', 'O']
C05263193,['G', 'G', 'O', 'G']
C35295013,['O']
C50329746,['O', 'G']
C35066069,['G', 'G']
C19743875,['G', 'G', 'O']
C31662664,['G', 'G']
C38061220,['O', 'G', 'O', 'G', 'G', 'G']
C44659709,['G', 'O']
C18194212,['-']
C37278562,['G', 'G', 'O', 'O']
C38032773,['G', 'O']
C41607124,['G', 'G', 'G', 'G', 'G']
C09489162,['G', 'G']
C63114142,['G', 'G', 'G', 'G']
C36912277,['G', 'G']
C06066257,['O', 'G', 'G']
